Timestamp,Thrust_0Deg (Kg),Thrust_90Deg (Kg),Thrust_180Deg (Kg),Thrust_270Deg (Kg),Total Weight (Kg),Total Thrust (N),RPM48,Torque (Nm)160,Motor Temp (°C)73,Current (A)32,Vdc (V)235,Vout(V)138,IGBT Temp(°C)74,RPM Command49,Battery_Volt(V)546,Battery_Bus_Volt(V)546,Battery_Power(W)546,Accel_X (g),Accel_Y (g),Accel_Z (g)
2025-07-02 16:00:46.447,0.0,0.0,0.0,0.0,-4.05,-39.69,0.0,0.0,24.3,0.28,0.06,0.0,24,0.0,571.2,0.0,0,-0.222647,-0.023437,-0.882778
2025-07-02 16:00:46.497,0.0,0.0,0.0,0.0,-4.05,-39.69,0.0,0.0,24.4,0.14,0.06,0.0,24,0.0,571.2,0.0,0,-0.020507,0.040037,-1.044881
2025-07-02 16:00:46.548,0.0,0.0,0.0,0.0,-4.05,-39.69,0.0,0.0,24.4,-0.14,0.06,0.0,24,0.0,571.2,0.0,0,-0.04492,0.041991,-1.034139
2025-07-02 16:00:46.599,0.0,0.0,0.0,0.0,-4.05,-39.69,0.0,0.0,24.4,0.14,0.06,0.0,24,0.0,571.2,0.0,0,-0.039061,0.011718,-1.016561
2025-07-02 16:00:46.653,0.0,0.0,0.0,0.0,-4.05,-39.69,0.0,0.0,24.4,-0.14,0.06,0.0,24,0.0,571.2,0.0,0,-0.030272,-0.017577,-1.008749
2025-07-02 16:00:46.704,0.0,0.0,0.0,0.0,-4.05,-39.69,0.0,0.12,24.4,0.14,0.06,0.0,24,0.0,571.2,0.0,0,-0.008789,0.032225,-1.036092
2025-07-02 16:00:46.755,0.0,0.0,0.0,0.0,-4.05,-39.69,0.0,0.0,24.4,0.14,0.06,0.0,24,0.0,571.2,0.0,0,-0.031249,0.046873,-1.006796
2025-07-02 16:00:46.806,0.0,0.0,0.0,0.0,-4.05,-39.69,0.0,0.0,24.4,0.14,0.06,0.0,24,0.0,571.2,0.0,0,-0.02539,0.026366,-1.026327
2025-07-02 16:00:46.857,0.0,0.0,0.0,0.0,-4.05,-39.69,0.0,0.0,24.4,0.14,0.06,0.0,24,0.0,571.2,0.0,0,-0.024413,0.051756,-1.007773
2025-07-02 16:00:46.908,0.0,0.0,0.0,0.0,-4.05,-39.69,0.0,0.0,24.4,0.0,0.06,0.0,24,0.0,571.2,0.0,0,-0.054685,0.006836,-1.031209
2025-07-02 16:00:46.959,0.0,0.0,0.0,0.0,-4.05,-39.69,0.0,0.0,24.4,0.28,0.06,0.0,24,0.0,571.2,0.0,0,-0.020507,-0.003906,-1.031209
2025-07-02 16:00:47.010,0.0,0.0,0.0,0.0,-4.05,-39.69,0.0,0.0,24.4,0.42,0.06,0.0,24,0.0,571.2,0.0,0,-0.030272,0.046873,-1.036092
2025-07-02 16:00:47.060,0.0,0.0,0.0,0.0,-4.05,-39.69,0.0,0.12,24.4,0.28,0.06,0.0,24,0.0,571.2,0.0,10,0.02246,0.034178,-1.032186
2025-07-02 16:00:47.112,0.0,0.0,0.0,0.0,-4.05,-39.69,0.0,0.0,24.4,0.28,0.06,0.0,24,0.0,571.2,0.0,10,-0.045897,0.035155,-1.029256
2025-07-02 16:00:47.163,0.0,0.0,0.0,0.0,-4.05,-39.69,0.0,0.0,24.4,0.14,0.06,0.0,24,0.0,571.2,0.0,0,-0.010742,0.033202,-1.036092
2025-07-02 16:00:47.214,0.0,0.0,0.0,0.0,-4.05,-39.69,0.0,0.0,24.4,0.0,0.06,0.0,24,0.0,571.2,0.0,0,-0.010742,0.033202,-1.036092
2025-07-02 16:00:47.269,0.0,0.0,0.0,0.0,-4.05,-39.69,0.0,0.0,24.3,0.0,0.06,0.0,24,0.0,571.2,0.0,0,0.000977,0.016601,-1.012655
2025-07-02 16:00:47.320,0.0,0.0,0.0,0.0,-4.05,-39.69,0.0,0.0,24.3,0.0,0.06,0.0,24,0.0,571.2,0.0,0,0.000977,0.016601,-1.012655
2025-07-02 16:00:47.373,-4.49,0.0,0.0,0.0,-8.54,-83.692,0.0,0.12,24.3,0.0,0.06,0.0,24,0.0,571.2,0.0,0,-0.032225,0.036131,-1.029256
2025-07-02 16:00:47.426,-4.49,0.0,0.0,0.0,-8.54,-83.692,0.0,0.12,24.3,0.28,0.06,0.0,24,0.0,571.2,0.0,0,-0.032225,0.036131,-1.029256
2025-07-02 16:00:47.477,-4.49,0.0,0.0,0.0,-8.54,-83.692,0.0,0.0,24.3,0.14,0.06,0.0,24,0.0,571.2,0.0,0,-0.040037,0.02246,-1.042928
2025-07-02 16:00:47.527,-4.49,0.0,0.0,0.0,-8.54,-83.692,0.0,0.0,24.3,0.14,0.06,0.0,24,0.0,571.2,0.0,0,-0.040037,0.02246,-1.042928
2025-07-02 16:00:47.578,-4.49,0.0,0.0,0.0,-8.54,-83.692,0.0,0.0,24.3,0.14,0.06,0.0,24,0.0,571.2,0.0,0,-0.027343,0.043944,-1.027303
2025-07-02 16:00:47.629,-4.49,0.0,0.0,0.0,-8.54,-83.692,0.0,0.0,24.3,0.14,0.06,0.0,24,0.0,571.1,0.0,0,-0.038084,0.027343,-1.018514
2025-07-02 16:00:47.680,-4.49,0.0,0.0,0.0,-8.54,-83.692,0.0,0.0,24.4,-0.14,0.06,0.0,24,0.0,571.1,0.0,0,-0.02539,0.02539,-1.020468
2025-07-02 16:00:47.731,-4.49,0.0,0.0,0.0,-8.54,-83.692,0.0,0.0,24.4,0.0,0.06,0.0,24,0.0,571.2,0.0,0,-0.02539,0.015624,-1.019491
2025-07-02 16:00:47.784,-4.49,0.0,0.0,0.0,-8.54,-83.692,0.0,0.0,24.4,0.14,0.06,0.0,24,0.0,571.2,0.0,0,-0.009765,0.042967,-1.026327
2025-07-02 16:00:47.837,-4.49,0.0,0.0,0.0,-8.54,-83.692,0.0,0.0,24.4,0.14,0.06,0.0,24,0.0,571.2,0.0,10,-0.041014,0.023437,-1.016561
2025-07-02 16:00:47.888,-4.49,0.0,0.0,0.0,-8.54,-83.692,0.0,0.0,24.3,0.14,0.06,0.0,24,0.0,571.2,0.0,10,-0.032225,0.01953,-1.016561
2025-07-02 16:00:47.939,-4.49,0.0,0.0,0.0,-8.54,-83.692,0.0,0.0,24.3,0.0,0.06,0.0,24,0.0,571.2,0.0,0,-0.021484,0.035155,-1.027303
2025-07-02 16:00:47.989,-4.49,0.0,0.0,0.0,-8.54,-83.692,0.0,0.0,24.3,0.0,0.06,0.0,24,0.0,571.2,0.0,0,-0.016601,0.037108,-1.041951
2025-07-02 16:00:48.040,-4.49,0.0,0.0,0.0,-8.54,-83.692,0.0,0.0,24.3,0.14,0.06,0.0,24,0.0,571.2,0.0,0,-0.023437,0.008789,-1.02535
2025-07-02 16:00:48.091,-4.49,0.0,0.0,0.0,-8.54,-83.692,0.0,0.0,24.3,0.0,0.06,0.0,24,0.0,571.2,0.0,0,-0.042967,0.020507,-1.030233
2025-07-02 16:00:48.141,-4.49,0.0,0.0,0.0,-8.54,-83.692,0.0,0.0,24.3,0.14,0.06,0.0,24,0.0,571.2,0.0,0,-0.035155,0.033202,-1.024374
2025-07-02 16:00:48.192,-4.49,0.0,0.0,0.0,-8.54,-83.692,0.0,0.0,24.4,0.14,0.06,0.0,24,0.0,571.2,0.0,0,-0.049803,0.005859,-1.00289
2025-07-02 16:00:48.243,-4.49,0.0,0.0,0.0,-8.54,-83.692,0.0,0.0,24.4,0.14,0.06,0.0,24,0.0,571.2,0.0,0,-0.054685,0.023437,-1.023397
2025-07-02 16:00:48.293,-4.49,0.0,0.0,0.0,-8.54,-83.692,0.0,0.0,24.4,0.28,0.06,0.0,24,0.0,571.2,0.0,0,-0.029296,0.023437,-1.036092
2025-07-02 16:00:48.344,-4.49,0.0,0.0,0.0,-8.54,-83.692,0.0,0.0,24.4,0.0,0.06,0.0,24,0.0,571.2,0.0,0,-0.01953,0.018554,-1.045857
2025-07-02 16:00:48.395,-4.49,0.0,0.0,0.0,-8.54,-83.692,0.0,0.0,24.4,0.14,0.06,0.0,24,0.0,571.2,0.0,0,-0.032225,0.04492,-1.029256
2025-07-02 16:00:48.445,-4.49,0.0,0.0,0.0,-8.54,-83.692,0.0,0.0,24.4,0.0,0.06,0.0,24,0.0,571.2,0.0,10,-0.01953,0.033202,-1.016561
2025-07-02 16:00:48.496,-4.49,0.0,0.0,0.0,-8.54,-83.692,0.0,0.0,24.4,0.0,0.06,0.0,24,0.0,571.2,0.0,10,-0.038084,0.031249,-1.034139
2025-07-02 16:00:48.547,-4.49,0.0,0.0,0.0,-8.54,-83.692,0.0,0.0,24.4,0.14,0.06,0.0,24,0.0,571.2,0.0,0,0.000977,0.037108,-1.040975
2025-07-02 16:00:48.598,-4.49,0.0,0.0,0.0,-8.54,-83.692,0.0,0.24,24.4,0.14,0.06,0.0,24,0.0,571.2,0.0,0,-0.012695,0.027343,-1.022421
2025-07-02 16:00:48.649,-4.49,0.0,0.0,0.0,-8.54,-83.692,0.0,0.24,24.4,0.0,0.06,0.0,24,0.0,571.2,0.0,0,-0.029296,0.018554,-1.02828
2025-07-02 16:00:48.699,-4.49,0.0,0.0,0.0,-8.54,-83.692,0.0,0.24,24.4,0.28,0.06,0.0,24,0.0,571.2,0.0,0,-0.039061,0.04492,-1.026327
2025-07-02 16:00:48.750,-4.49,0.0,0.0,0.0,-8.54,-83.692,0.0,0.0,24.4,0.14,0.06,0.0,24,0.0,571.2,0.0,0,-0.031249,0.039061,-1.016561
2025-07-02 16:00:48.801,-4.49,0.0,0.0,0.0,-8.54,-83.692,0.0,0.0,24.4,0.28,0.06,0.0,24,0.0,571.2,0.0,0,-0.033202,0.02246,-1.027303
2025-07-02 16:00:48.851,-4.49,0.0,0.0,0.0,-8.54,-83.692,0.0,0.0,24.4,0.28,0.06,0.0,24,0.0,571.2,0.0,0,-0.033202,-0.008789,-1.029256
2025-07-02 16:00:48.902,-4.49,0.0,0.0,0.0,-8.54,-83.692,0.0,0.0,24.4,0.14,0.06,0.0,24,0.0,571.2,0.0,0,-0.007812,0.016601,-1.009726
2025-07-02 16:00:48.952,-4.49,0.0,0.0,0.0,-8.54,-83.692,0.0,0.0,24.4,0.14,0.06,0.0,24,0.0,571.2,0.0,10,-0.033202,0.028319,-1.021444
2025-07-02 16:00:49.003,-4.49,0.0,0.0,0.0,-8.54,-83.692,0.0,0.0,24.4,0.14,0.06,0.0,24,0.0,571.2,0.0,10,-0.034178,0.01953,-1.023397
2025-07-02 16:00:49.054,-4.49,0.0,0.0,0.0,-8.54,-83.692,0.0,0.0,24.4,0.14,0.06,0.0,24,0.0,571.2,0.0,0,-0.028319,0.056638,-1.009726
2025-07-02 16:00:49.104,-4.49,0.0,0.0,0.0,-8.54,-83.692,0.0,0.0,24.4,0.0,0.06,0.0,24,0.0,571.2,0.0,0,-0.030272,0.017577,-1.009726
2025-07-02 16:00:49.155,-4.49,0.0,0.0,0.0,-8.54,-83.692,0.0,0.12,24.4,-0.28,0.06,0.0,24,0.0,571.2,0.0,0,-0.041991,-0.013671,-1.051716
2025-07-02 16:00:49.206,-4.49,0.0,0.0,0.0,-8.54,-83.692,0.0,0.0,24.4,-0.28,0.06,0.0,24,0.0,571.2,0.0,0,-0.039061,0.032225,-1.032186
2025-07-02 16:00:49.257,-4.49,4.03,0.0,0.0,-4.51,-44.198,0.0,0.0,24.4,0.0,0.06,0.0,24,0.0,571.2,0.0,0,-0.039061,0.032225,-1.032186
2025-07-02 16:00:49.307,-4.49,4.03,0.0,0.0,-4.51,-44.198,0.0,0.0,24.4,0.0,0.06,0.0,24,0.0,571.2,0.0,0,-0.009765,0.041014,-1.017538
2025-07-02 16:00:49.358,-4.49,4.03,0.0,0.0,-4.51,-44.198,0.0,0.0,24.4,-0.28,0.06,0.0,24,0.0,571.2,0.0,0,-0.037108,0.023437,-1.016561
2025-07-02 16:00:49.409,-4.49,4.03,0.0,0.0,-4.51,-44.198,0.0,0.0,24.4,0.0,0.06,0.0,24,0.0,571.2,0.0,0,-0.018554,0.030272,-1.024374
2025-07-02 16:00:49.460,-4.49,4.03,0.0,0.0,-4.51,-44.198,0.0,0.0,24.4,0.0,0.06,0.0,24,0.0,571.2,0.0,0,-0.036131,0.036131,-1.031209
2025-07-02 16:00:49.511,-4.49,4.03,0.0,0.0,-4.51,-44.198,0.0,0.0,24.4,0.0,0.06,0.0,24,0.0,571.2,0.0,0,-0.014648,0.02539,-1.030233
2025-07-02 16:00:49.561,-4.49,4.03,0.0,0.0,-4.51,-44.198,0.0,0.0,24.4,0.14,0.06,0.0,24,0.0,571.2,0.0,0,-0.02246,0.015624,-1.057575
2025-07-02 16:00:49.612,-4.49,4.03,0.0,0.0,-4.51,-44.198,0.0,0.0,24.4,0.42,0.06,0.0,24,0.0,571.2,0.0,0,-0.038084,0.021484,-1.015585
2025-07-02 16:00:49.662,-4.49,4.03,0.0,0.0,-4.51,-44.198,0.0,0.0,24.4,0.14,0.06,0.0,24,0.0,571.2,0.0,0,-0.039061,-0.023437,-1.039021
2025-07-02 16:00:49.713,-4.49,4.03,0.0,0.0,-4.51,-44.198,0.0,0.0,24.4,0.0,0.06,0.0,24,0.0,571.2,0.0,0,-0.024413,0.010742,-1.015585
2025-07-02 16:00:49.764,-4.49,4.03,0.0,0.0,-4.51,-44.198,0.0,0.0,24.4,0.0,0.06,0.0,24,0.0,571.1,0.0,0,-0.02539,0.030272,-1.035115
2025-07-02 16:00:49.814,-4.49,4.03,0.0,0.0,-4.51,-44.198,0.0,0.0,24.4,0.28,0.06,0.0,24,0.0,571.1,0.0,0,-0.018554,0.034178,-1.011679
2025-07-02 16:00:49.865,-4.49,4.03,0.0,0.0,-4.51,-44.198,0.0,0.0,24.4,0.28,0.06,0.0,24,0.0,571.2,0.0,0,-0.034178,0.031249,-1.029256
2025-07-02 16:00:49.915,-4.49,4.03,0.0,0.0,-4.51,-44.198,0.0,0.0,24.4,0.28,0.06,0.0,24,0.0,571.2,0.0,0,-0.042967,0.026366,-1.031209
2025-07-02 16:00:49.966,-4.49,4.03,0.0,0.0,-4.51,-44.198,0.0,0.0,24.4,-0.14,0.06,0.0,24,0.0,571.2,0.0,0,-0.034178,0.04492,-1.001914
2025-07-02 16:00:50.017,-4.49,4.03,0.0,0.0,-4.51,-44.198,0.0,0.12,24.4,-0.14,0.06,0.0,24,0.0,571.2,0.0,0,-0.029296,0.035155,-1.031209
2025-07-02 16:00:50.067,-4.49,4.03,0.0,0.0,-4.51,-44.198,0.0,0.12,24.4,0.0,0.06,0.0,24,0.0,571.2,0.0,0,-0.037108,0.035155,-1.006796
2025-07-02 16:00:50.118,-4.49,4.03,0.0,0.0,-4.51,-44.198,0.0,0.0,24.4,-0.14,0.06,0.0,24,0.0,571.2,0.0,0,-0.026366,0.031249,-1.023397
2025-07-02 16:00:50.168,-4.49,4.03,0.0,0.0,-4.51,-44.198,0.0,0.0,24.4,-0.14,0.06,0.0,24,0.0,571.2,0.0,10,-0.035155,-0.003906,-1.021444
2025-07-02 16:00:50.219,-4.49,4.03,0.0,0.0,-4.51,-44.198,0.0,0.0,24.4,0.14,0.06,0.0,24,0.0,571.2,0.0,10,-0.020507,0.018554,-1.040975
2025-07-02 16:00:50.269,-4.49,4.03,0.0,0.0,-4.51,-44.198,0.0,0.0,24.4,0.0,0.06,0.0,24,0.0,571.2,0.0,0,-0.029296,0.027343,-1.021444
2025-07-02 16:00:50.320,-4.49,4.03,0.0,0.0,-4.51,-44.198,0.0,0.0,24.4,0.14,0.06,0.0,24,0.0,571.2,0.0,0,-0.009765,0.009765,-1.039021
2025-07-02 16:00:50.370,-4.49,4.03,0.0,0.0,-4.51,-44.198,0.0,0.0,24.4,-0.14,0.06,0.0,24,0.0,571.2,0.0,0,-0.024413,0.033202,-1.021444
2025-07-02 16:00:50.421,-4.49,4.03,0.0,0.0,-4.51,-44.198,0.0,0.12,24.4,0.0,0.06,0.0,24,0.0,571.2,0.0,0,-0.033202,0.015624,-1.020468
2025-07-02 16:00:50.472,-4.49,4.03,0.0,0.0,-4.51,-44.198,0.0,0.0,24.4,0.28,0.06,0.0,24,0.0,571.2,0.0,0,-0.020507,0.037108,-1.016561
2025-07-02 16:00:50.522,-4.49,4.03,0.0,0.0,-4.51,-44.198,0.0,0.0,24.4,0.28,0.06,0.0,24,0.0,571.2,0.0,0,-0.041991,0.024413,-1.00582
2025-07-02 16:00:50.573,-4.49,4.03,0.0,0.0,-4.51,-44.198,0.0,0.0,24.4,0.14,0.06,0.0,24,0.0,571.2,0.0,0,0.004883,0.061521,-1.036092
2025-07-02 16:00:50.624,-4.49,4.03,0.0,0.0,-4.51,-44.198,0.0,0.0,24.4,0.0,0.06,0.0,24,0.0,571.2,0.0,0,-0.021484,0.036131,-1.020468
2025-07-02 16:00:50.675,-4.49,4.03,0.0,0.0,-4.51,-44.198,0.0,0.0,24.4,0.28,0.06,0.0,24,0.0,571.2,0.0,0,-0.033202,0.040037,-1.022421
2025-07-02 16:00:50.726,-4.49,4.03,0.0,0.0,-4.51,-44.198,0.0,0.0,24.4,0.14,0.06,0.0,24,0.0,571.2,0.0,0,-0.037108,0.008789,-1.039021
2025-07-02 16:00:50.777,-4.49,4.03,0.0,2.77,-1.74,-17.052,0.0,0.12,24.4,0.14,0.06,0.0,24,0.0,571.2,0.0,0,-0.049803,0.018554,-1.016561
2025-07-02 16:00:50.828,-4.49,4.03,0.0,2.77,-1.74,-17.052,0.0,0.0,24.4,0.14,0.06,0.0,24,0.0,571.2,0.0,0,-0.017577,0.020507,-1.039998
2025-07-02 16:00:50.878,-4.49,4.03,0.0,2.77,-1.74,-17.052,0.0,0.0,24.4,-0.14,0.06,0.0,24,0.0,571.2,0.0,0,-0.036131,-0.001953,-1.00289
2025-07-02 16:00:50.929,-4.49,4.03,0.0,2.77,-1.74,-17.052,0.0,0.0,24.4,0.14,0.06,0.0,24,0.0,571.2,0.0,0,-0.034178,0.020507,-1.032186
2025-07-02 16:00:50.979,-4.49,4.03,0.0,2.77,-1.74,-17.052,0.0,0.0,24.4,0.0,0.06,0.0,24,0.0,571.2,0.0,0,-0.028319,0.035155,-1.052693
2025-07-02 16:00:51.030,-4.49,4.03,0.0,2.77,-1.74,-17.052,0.0,0.0,24.4,0.0,0.06,0.0,24,0.0,571.2,0.0,0,-0.028319,0.035155,-1.052693
2025-07-02 16:00:51.081,-4.49,4.03,0.0,2.77,-1.74,-17.052,0.0,0.12,24.4,0.0,0.06,0.0,24,0.0,571.2,0.0,0,-0.006836,0.031249,-1.02828
2025-07-02 16:00:51.134,-4.49,4.03,0.0,2.77,-1.74,-17.052,0.0,0.12,24.4,0.14,0.06,0.0,24,0.0,571.2,0.0,0,-0.017577,0.020507,-1.019491
2025-07-02 16:00:51.185,-4.49,4.03,0.0,2.77,-1.74,-17.052,0.0,0.0,24.4,0.14,0.06,0.0,24,0.0,571.2,0.0,0,-0.02246,0.036131,-1.030233
2025-07-02 16:00:51.235,-4.49,4.03,0.0,2.77,-1.74,-17.052,0.0,0.0,24.5,0.14,0.06,0.0,24,0.0,571.2,0.0,0,-0.021484,0.041991,-1.012655
2025-07-02 16:00:51.286,-4.49,4.03,0.0,2.77,-1.74,-17.052,0.0,0.0,24.4,0.42,0.06,0.0,24,0.0,571.2,0.0,0,-0.036131,0.04492,-1.014608
2025-07-02 16:00:51.337,-4.49,4.03,0.0,2.77,-1.74,-17.052,0.0,0.0,24.4,0.14,0.06,0.0,24,0.0,571.1,0.0,0,-0.064451,0.009765,-1.020468
2025-07-02 16:00:51.388,-4.49,4.03,0.0,2.77,-1.74,-17.052,0.0,0.0,24.4,0.0,0.06,0.0,24,0.0,571.1,0.0,0,-0.018554,0.031249,-1.031209
2025-07-02 16:00:51.438,-4.49,4.03,0.0,2.77,-1.74,-17.052,0.0,0.0,24.4,0.0,0.06,0.0,24,0.0,571.2,0.0,0,-0.038084,0.043944,-1.034139
2025-07-02 16:00:51.489,-4.49,4.03,0.0,2.77,-1.74,-17.052,0.0,0.0,24.4,0.0,0.06,0.0,24,0.0,571.2,0.0,0,-0.031249,0.020507,-1.009726
2025-07-02 16:00:51.539,-4.49,4.03,0.0,2.77,-1.74,-17.052,0.0,0.0,24.4,0.0,0.06,0.0,24,0.0,571.2,0.0,0,-0.021484,0.015624,-1.039021
2025-07-02 16:00:51.590,-4.49,4.03,0.0,2.77,-1.74,-17.052,0.0,0.12,24.4,0.28,0.06,0.0,24,0.0,571.2,0.0,0,-0.032225,0.038084,-1.024374
2025-07-02 16:00:51.641,-4.49,4.03,0.0,2.77,-1.74,-17.052,0.0,0.12,24.4,0.14,0.06,0.0,24,0.0,571.2,0.0,0,-0.021484,0.028319,-1.008749
2025-07-02 16:00:51.691,-4.49,4.03,0.0,2.77,-1.74,-17.052,0.0,0.12,24.3,0.14,0.06,0.0,24,0.0,571.2,0.0,0,-0.004883,0.028319,-1.02828
2025-07-02 16:00:51.742,-4.49,4.03,0.0,2.77,-1.74,-17.052,0.0,0.0,24.3,-0.14,0.06,0.0,24,0.0,571.2,0.0,0,-0.043944,0.043944,-1.023397
2025-07-02 16:00:51.793,-4.49,4.03,0.0,2.77,-1.74,-17.052,0.0,0.0,24.3,0.0,0.06,0.0,24,0.0,571.2,0.0,0,-0.030272,0.020507,-1.014608
2025-07-02 16:00:51.843,-4.49,4.03,0.0,2.77,-1.74,-17.052,0.0,0.0,24.3,0.0,0.06,0.0,24,0.0,571.2,0.0,0,-0.04492,-0.009765,-1.001914
2025-07-02 16:00:51.894,-4.49,4.03,0.0,2.77,-1.74,-17.052,0.0,0.0,24.3,0.14,0.06,0.0,24,0.0,571.2,0.0,0,-0.039061,0.031249,-1.020468
2025-07-02 16:00:51.944,-4.49,4.03,0.0,2.77,-1.74,-17.052,0.0,0.0,24.3,-0.14,0.06,0.0,24,0.0,571.2,0.0,0,-0.033202,0.013671,-1.009726
2025-07-02 16:00:51.995,-4.49,4.03,0.0,2.77,-1.74,-17.052,0.0,0.0,24.3,0.28,0.06,0.0,24,0.0,571.2,0.0,0,-0.037108,0.01953,-1.02828
2025-07-02 16:00:52.049,-4.49,4.03,0.0,2.77,-1.74,-17.052,0.0,0.0,24.3,-0.14,0.06,0.0,24,0.0,571.2,0.0,0,-0.039061,0.037108,-1.029256
2025-07-02 16:00:52.100,-4.49,4.03,0.0,2.77,-1.74,-17.052,0.0,0.0,24.3,0.28,0.06,0.0,24,0.0,571.2,0.0,0,-0.018554,0.040037,-1.016561
2025-07-02 16:00:52.150,-4.49,4.03,0.0,2.77,-1.74,-17.052,0.0,0.0,24.3,0.0,0.06,0.0,24,0.0,571.2,0.0,0,-0.02539,0.038084,-1.034139
2025-07-02 16:00:52.200,-4.49,4.03,0.0,2.77,-1.74,-17.052,0.0,0.0,24.3,0.0,0.06,0.0,24,0.0,571.2,0.0,0,-0.02246,0.039061,-1.008749
2025-07-02 16:00:52.251,-4.49,4.03,0.0,2.77,-1.74,-17.052,0.0,0.0,24.3,0.14,0.06,0.0,24,0.0,571.2,0.0,0,-0.012695,0.061521,-1.00582
2025-07-02 16:00:52.305,-4.49,4.03,0.0,2.77,-1.74,-17.052,0.0,0.0,24.3,-0.14,0.06,0.0,24,0.0,571.2,0.0,0,-0.029296,0.036131,-1.023397
2025-07-02 16:00:52.356,-4.49,4.03,0.0,2.77,-1.74,-17.052,0.0,0.0,24.3,0.14,0.06,0.0,24,0.0,571.2,0.0,0,-0.027343,0.074216,-1.020468
2025-07-02 16:00:52.406,-4.49,4.03,0.0,2.77,-1.74,-17.052,0.0,0.0,24.3,0.14,0.06,0.0,24,0.0,571.2,0.0,0,-0.046873,0.04492,-1.022421
2025-07-02 16:00:52.461,-4.49,4.03,0.0,2.77,-1.74,-17.052,0.0,0.0,24.3,0.28,0.06,0.0,24,0.0,571.2,0.0,0,-0.016601,0.033202,-1.014608
2025-07-02 16:00:52.512,-4.49,4.03,0.0,2.77,-1.74,-17.052,0.0,0.0,24.3,0.0,0.06,0.0,24,0.0,571.2,0.0,0,-0.04785,0.034178,-1.026327
2025-07-02 16:00:52.565,-4.49,4.03,0.0,2.77,-1.74,-17.052,0.0,0.0,24.3,0.0,0.06,0.0,24,0.0,571.2,0.0,0,-0.053709,0.031249,-1.00582
2025-07-02 16:00:52.617,-4.49,4.03,0.0,2.77,-1.74,-17.052,0.0,0.0,24.3,0.0,0.06,0.0,24,0.0,571.2,0.0,0,-0.040037,0.058591,-0.995078
2025-07-02 16:00:52.668,-4.49,4.03,0.0,2.77,-1.74,-17.052,0.0,0.0,24.4,0.0,0.06,0.0,24,0.0,571.2,0.0,10,-0.026366,0.031249,-1.027303
2025-07-02 16:00:52.719,-4.49,4.03,0.0,2.77,-1.74,-17.052,0.0,0.0,24.4,-0.14,0.06,0.0,24,0.0,571.2,0.0,10,-0.02246,0.012695,-1.011679
2025-07-02 16:00:52.770,-4.49,4.03,0.0,2.77,-1.74,-17.052,0.0,0.0,24.4,-0.28,0.06,0.0,24,0.0,571.2,0.0,0,-0.024413,0.026366,-1.039998
2025-07-02 16:00:52.820,-4.49,4.03,0.0,2.77,-1.74,-17.052,0.0,0.0,24.4,0.28,0.06,0.0,24,0.0,571.2,0.0,0,-0.029296,0.040037,-1.014608
2025-07-02 16:00:52.871,-4.49,4.03,0.0,2.77,-1.74,-17.052,0.0,0.0,24.4,0.0,0.06,0.0,24,0.0,571.2,0.0,10,-0.024413,0.046873,-1.015585
2025-07-02 16:00:52.922,-4.49,4.03,0.0,2.77,-1.74,-17.052,0.0,0.0,24.4,0.0,0.06,0.0,24,0.0,571.2,0.0,10,-0.035155,0.029296,-1.012655
2025-07-02 16:00:52.973,-4.49,4.03,0.0,2.77,-1.74,-17.052,0.0,0.12,24.4,0.0,0.06,0.0,24,0.0,571.2,0.0,0,-0.02246,0.032225,-1.02828
2025-07-02 16:00:53.024,-4.49,4.03,0.0,2.77,-1.74,-17.052,0.0,0.12,24.4,0.14,0.06,0.0,24,0.0,571.2,0.0,0,-0.01953,0.04492,-1.011679
2025-07-02 16:00:53.075,-4.49,4.03,0.0,2.77,-1.74,-17.052,0.0,0.0,24.4,-0.14,0.06,0.0,24,0.0,571.2,0.0,0,-0.032225,0.035155,-1.034139
2025-07-02 16:00:53.125,-4.49,4.03,0.0,2.77,-1.74,-17.052,0.0,0.0,24.4,0.28,0.06,0.0,24,0.0,571.2,0.0,0,0.033202,0.046873,-1.062458
2025-07-02 16:00:53.176,-4.49,4.03,0.0,2.77,-1.74,-17.052,0.0,0.0,24.4,0.28,0.06,0.0,24,0.0,571.2,0.0,10,-0.028319,0.02246,-1.038045
2025-07-02 16:00:53.229,-4.49,4.03,0.0,2.77,-1.74,-17.052,0.0,0.0,24.4,0.0,0.06,0.0,24,0.0,571.2,0.0,0,-0.015624,-0.000977,-0.993125
2025-07-02 16:00:53.285,-4.49,4.03,0.0,2.77,-1.74,-17.052,0.0,0.0,24.4,0.0,0.06,0.0,24,0.0,571.2,0.0,0,-0.02539,0.035155,-1.015585
2025-07-02 16:00:53.335,-4.49,4.03,0.0,2.77,-1.74,-17.052,0.0,0.0,24.4,-0.28,0.06,0.0,24,0.0,571.2,0.0,0,-0.042967,0.030272,-1.018514
2025-07-02 16:00:53.386,-4.49,4.03,0.0,2.77,-1.74,-17.052,0.0,0.0,24.4,0.14,0.06,0.0,24,0.0,571.2,0.0,0,-0.066404,0.013671,-1.009726
2025-07-02 16:00:53.437,-4.49,4.03,0.0,2.77,-1.74,-17.052,0.0,0.0,24.4,0.28,0.06,0.0,24,0.0,571.2,0.0,0,-0.028319,0.031249,-1.012655
2025-07-02 16:00:53.487,-4.49,4.03,0.0,2.77,-1.74,-17.052,0.0,0.0,24.4,0.14,0.06,0.0,24,0.0,571.2,0.0,0,-0.015624,0.055662,-1.013632
2025-07-02 16:00:53.538,-4.49,4.03,0.0,2.77,-1.74,-17.052,0.0,0.0,24.4,0.0,0.06,0.0,24,0.0,571.2,0.0,0,-0.015624,0.055662,-1.013632
2025-07-02 16:00:53.589,-4.49,4.03,0.0,2.77,-1.74,-17.052,0.0,0.12,24.4,0.0,0.06,0.0,24,0.0,571.2,0.0,0,-0.029296,0.027343,-1.013632
2025-07-02 16:00:53.640,-4.49,4.03,0.0,2.77,-1.74,-17.052,0.0,0.12,24.4,0.0,0.06,0.0,24,0.0,571.2,0.0,0,-0.035155,0.029296,-1.006796
2025-07-02 16:00:53.691,-4.49,4.03,0.0,2.77,-1.74,-17.052,0.0,0.0,24.4,0.28,0.06,0.0,24,0.0,571.2,0.0,0,-0.017577,0.013671,-1.011679
2025-07-02 16:00:53.741,-4.49,4.03,0.0,2.77,-1.74,-17.052,0.0,0.0,24.4,-0.14,0.06,0.0,24,0.0,571.2,0.0,0,-0.036131,0.015624,-1.044881
2025-07-02 16:00:53.792,-4.49,4.03,0.0,2.77,-1.74,-17.052,0.0,0.12,24.4,0.0,0.06,0.0,24,0.0,571.2,0.0,0,-0.030272,0.035155,-1.020468
2025-07-02 16:00:53.843,-4.49,4.03,0.0,2.77,-1.74,-17.052,0.0,0.12,24.4,0.14,0.06,0.0,24,0.0,571.2,0.0,0,-0.004883,0.015624,-1.021444
2025-07-02 16:00:53.894,-4.49,4.03,0.0,2.77,-1.74,-17.052,0.0,0.12,24.4,0.0,0.06,0.0,24,0.0,571.2,0.0,0,-0.015624,0.028319,-1.032186
2025-07-02 16:00:53.945,-4.49,4.03,0.0,2.77,-1.74,-17.052,0.0,0.0,24.4,0.0,0.06,0.0,24,0.0,571.2,0.0,0,-0.02539,0.023437,-1.026327
2025-07-02 16:00:53.995,-4.42,4.03,0.0,2.77,-1.67,-16.366,0.0,0.0,24.4,0.0,0.06,0.0,24,0.0,571.2,0.0,0,-0.030272,0.045897,-1.018514
2025-07-02 16:00:54.046,-4.42,4.03,0.0,2.77,-1.67,-16.366,0.0,0.0,24.4,0.42,0.06,0.0,24,0.0,571.2,0.0,0,-0.041014,0.009765,-1.016561
2025-07-02 16:00:54.097,-4.42,4.03,0.0,2.77,-1.67,-16.366,0.0,0.0,24.4,0.28,0.06,0.0,24,0.0,571.2,0.0,0,-0.031249,0.007812,-1.032186
2025-07-02 16:00:54.148,-4.42,4.03,0.0,2.77,-1.67,-16.366,0.0,0.24,24.4,0.0,0.06,0.0,24,0.0,571.2,0.0,0,-0.012695,0.014648,-1.030233
2025-07-02 16:00:54.199,-4.42,4.03,0.0,2.77,-1.67,-16.366,0.0,0.12,24.4,-0.14,0.06,0.0,24,0.0,571.2,0.0,0,-0.032225,0.031249,-1.038045
2025-07-02 16:00:54.249,-4.42,4.03,0.0,2.77,-1.67,-16.366,0.0,0.0,24.4,-0.14,0.06,0.0,24,0.0,571.2,0.0,0,-0.030272,0.029296,-1.033162
2025-07-02 16:00:54.300,-4.42,4.03,0.0,2.77,-1.67,-16.366,0.0,0.0,24.4,-0.14,0.06,0.0,24,0.0,571.2,0.0,0,-0.030272,0.02246,-1.032186
2025-07-02 16:00:54.350,-4.42,4.03,0.0,2.77,-1.67,-16.366,0.0,0.0,24.5,0.28,0.06,0.0,24,0.0,571.2,0.0,0,-0.009765,0.030272,-1.017538
2025-07-02 16:00:54.401,-4.42,4.03,0.0,2.77,-1.67,-16.366,0.0,0.0,24.5,0.14,0.06,0.0,24,0.0,571.2,0.0,0,-0.029296,0.038084,-1.027303
2025-07-02 16:00:54.452,-4.42,4.03,0.0,2.77,-1.67,-16.366,0.0,0.0,24.5,0.14,0.06,0.0,24,0.0,571.2,0.0,10,-0.026366,0.042967,-0.998984
2025-07-02 16:00:54.502,-4.42,4.03,0.0,2.77,-1.67,-16.366,0.0,0.0,24.5,0.14,0.06,0.0,24,0.0,571.2,0.0,10,-0.037108,0.024413,-1.018514
2025-07-02 16:00:54.553,-4.42,4.03,0.0,2.77,-1.67,-16.366,0.0,0.0,24.5,-0.14,0.06,0.0,24,0.0,571.2,0.0,0,-0.041014,0.024413,-1.027303
2025-07-02 16:00:54.604,-4.42,4.03,0.0,2.77,-1.67,-16.366,0.0,0.0,24.5,0.28,0.06,0.0,24,0.0,571.2,0.0,0,-0.053709,0.005859,-1.023397
2025-07-02 16:00:54.655,-4.42,4.03,0.0,2.77,-1.67,-16.366,0.0,0.12,24.5,0.28,0.06,0.0,24,0.0,571.2,0.0,0,-0.031249,0.020507,-1.031209
2025-07-02 16:00:54.706,-4.42,4.03,0.0,2.77,-1.67,-16.366,0.0,0.0,24.5,0.0,0.06,0.0,24,0.0,571.2,0.0,0,-0.009765,0.038084,-1.02535
2025-07-02 16:00:54.756,-4.42,4.03,0.0,2.77,-1.67,-16.366,0.0,0.0,24.5,0.14,0.06,0.0,24,0.0,571.2,0.0,0,-0.02246,0.016601,-1.018514
2025-07-02 16:00:54.806,-4.42,4.03,0.0,2.77,-1.67,-16.366,0.0,0.0,24.5,0.0,0.06,0.0,24,0.0,571.2,0.0,0,-0.049803,0.035155,-1.02535
2025-07-02 16:00:54.857,-4.42,4.03,0.0,2.77,-1.67,-16.366,0.0,0.0,24.5,0.14,0.06,0.0,24,0.0,571.2,0.0,0,-0.009765,0.042967,-1.042928
2025-07-02 16:00:54.908,-4.42,4.03,0.0,2.77,-1.67,-16.366,0.0,0.12,24.5,-0.14,0.06,0.0,24,0.0,571.2,0.0,0,-0.026366,0.018554,-1.008749
2025-07-02 16:00:54.959,-4.42,4.03,0.0,2.77,-1.67,-16.366,0.0,0.12,24.5,-0.14,0.06,0.0,24,0.0,571.2,0.0,0,-0.029296,0.015624,-1.024374
2025-07-02 16:00:55.009,-4.42,4.03,0.0,2.77,-1.67,-16.366,0.0,0.0,24.5,0.0,0.06,0.0,24,0.0,571.2,0.0,0,-0.031249,0.030272,-1.019491
2025-07-02 16:00:55.060,-4.42,4.03,0.0,2.77,-1.67,-16.366,0.0,0.0,24.5,0.0,0.06,0.0,24,0.0,571.2,0.0,0,-0.020507,-0.006836,-1.032186
2025-07-02 16:00:55.111,-4.42,4.03,0.0,2.77,-1.67,-16.366,0.0,0.12,24.5,-0.14,0.06,0.0,24,0.0,571.2,0.0,0,-0.035155,0.018554,-1.015585
2025-07-02 16:00:55.162,-4.42,4.03,0.0,2.77,-1.67,-16.366,0.0,0.12,24.5,0.0,0.06,0.0,24,0.0,571.2,0.0,0,-0.024413,0.038084,-1.027303
2025-07-02 16:00:55.213,-4.42,4.03,0.0,2.77,-1.67,-16.366,0.0,0.12,24.5,0.14,0.06,0.0,24,0.0,571.2,0.0,0,-0.01953,0.031249,-1.030233
2025-07-02 16:00:55.263,-4.42,4.03,0.0,2.77,-1.67,-16.366,0.0,0.0,24.5,0.28,0.06,0.0,24,0.0,571.2,0.0,0,-0.021484,0.029296,-1.038045
2025-07-02 16:00:55.314,-4.42,4.03,0.0,2.77,-1.67,-16.366,0.0,0.24,24.5,0.28,0.06,0.0,24,0.0,571.2,0.0,0,-0.027343,0.001953,-0.998984
2025-07-02 16:00:55.365,-4.42,4.03,0.0,2.77,-1.67,-16.366,0.0,0.0,24.5,0.14,0.06,0.0,24,0.0,571.2,0.0,0,-0.028319,0.031249,-1.036092
2025-07-02 16:00:55.415,-4.42,4.03,0.0,2.77,-1.67,-16.366,0.0,0.0,24.5,-0.14,0.06,0.0,24,0.0,571.2,0.0,0,-0.038084,0.036131,-1.026327
2025-07-02 16:00:55.466,-4.42,4.03,0.0,2.77,-1.67,-16.366,0.0,0.0,24.5,0.0,0.06,0.0,24,0.0,571.2,0.0,0,-0.038084,0.036131,-1.026327
2025-07-02 16:00:55.517,-4.42,4.04,0.0,2.77,-1.66,-16.268,0.0,0.0,24.5,0.28,0.06,0.0,24,0.0,571.2,0.0,0,-0.015624,0.013671,-1.061482
2025-07-02 16:00:55.568,-4.42,4.04,0.0,2.77,-1.66,-16.268,0.0,0.0,24.5,0.14,0.06,0.0,24,0.0,571.2,0.0,0,-0.008789,0.068357,-1.013632
2025-07-02 16:00:55.618,-4.42,4.04,0.0,2.77,-1.66,-16.268,0.0,0.0,24.5,0.14,0.06,0.0,24,0.0,571.2,0.0,0,-0.035155,0.035155,-1.032186
2025-07-02 16:00:55.669,-4.42,4.04,0.0,2.77,-1.66,-16.268,0.0,0.12,24.5,0.14,0.06,0.0,24,0.0,571.2,0.0,0,0.004883,0.037108,-1.02535
2025-07-02 16:00:55.719,-4.42,4.04,0.0,2.77,-1.66,-16.268,0.0,0.12,24.5,0.14,0.06,0.0,24,0.0,571.2,0.0,0,-0.028319,0.012695,-1.00289
2025-07-02 16:00:55.770,-4.42,4.04,0.0,2.77,-1.66,-16.268,0.0,0.0,24.5,0.0,0.06,0.0,24,0.0,571.1,0.0,0,-0.049803,0.048826,-1.029256
2025-07-02 16:00:55.821,-4.42,4.04,0.0,2.77,-1.66,-16.268,0.0,0.0,24.5,0.14,0.06,0.0,24,0.0,571.1,0.0,0,-0.040037,0.024413,-1.042928
2025-07-02 16:00:55.871,-4.42,4.04,0.0,2.77,-1.66,-16.268,0.0,0.0,24.5,0.0,0.06,0.0,24,0.0,571.2,0.0,0,-0.027343,0.02539,-1.035115
2025-07-02 16:00:55.922,-4.42,4.04,0.0,2.77,-1.66,-16.268,0.0,0.0,24.5,-0.14,0.06,0.0,24,0.0,571.2,0.0,0,-0.037108,0.038084,-1.019491
2025-07-02 16:00:55.973,-4.42,4.04,0.0,2.77,-1.66,-16.268,0.0,0.0,24.5,-0.14,0.06,0.0,24,0.0,571.2,0.0,0,-0.041014,0.035155,-1.00582
2025-07-02 16:00:56.024,-4.42,4.04,0.0,2.77,-1.66,-16.268,0.0,0.0,24.5,0.0,0.06,0.0,24,0.0,571.2,0.0,0,-0.035155,0.036131,-1.029256
2025-07-02 16:00:56.077,-4.42,4.04,0.0,2.77,-1.66,-16.268,0.0,0.0,24.5,0.28,0.06,0.0,24,0.0,571.2,0.0,0,-0.046873,0.017577,-1.030233
2025-07-02 16:00:56.128,-4.42,4.04,0.0,2.77,-1.66,-16.268,0.0,0.0,24.5,0.0,0.06,0.0,24,0.0,571.2,0.0,0,-0.041991,-0.010742,-1.044881
2025-07-02 16:00:56.178,-4.42,4.04,0.0,2.77,-1.66,-16.268,0.0,0.0,24.5,0.28,0.06,0.0,24,0.0,571.2,0.0,10,-0.015624,0.038084,-1.02828
2025-07-02 16:00:56.229,-4.42,4.04,0.0,2.77,-1.66,-16.268,0.0,0.0,24.4,0.0,0.06,0.0,24,0.0,571.2,0.0,0,-0.04492,0.016601,-1.018514
2025-07-02 16:00:56.280,-4.42,4.04,0.0,2.77,-1.66,-16.268,0.0,0.0,24.4,0.0,0.06,0.0,24,0.0,571.2,0.0,0,0.026366,0.051756,-1.030233
2025-07-02 16:00:56.331,-4.42,4.04,0.0,2.77,-1.66,-16.268,0.0,0.0,24.4,0.28,0.06,0.0,24,0.0,571.2,0.0,0,-0.052732,0.02539,-1.02535
2025-07-02 16:00:56.382,-4.42,4.04,0.0,2.77,-1.66,-16.268,0.0,0.0,24.4,-0.14,0.06,0.0,24,0.0,571.2,0.0,0,-0.009765,0.036131,-1.010702
2025-07-02 16:00:56.437,-4.42,4.04,0.0,2.77,-1.66,-16.268,0.0,0.0,24.5,-0.28,0.06,0.0,24,0.0,571.2,0.0,0,-0.016601,0.026366,-1.02828
2025-07-02 16:00:56.488,-4.42,4.04,0.0,2.77,-1.66,-16.268,0.0,0.12,24.4,0.14,0.06,0.0,24,0.0,571.2,0.0,0,-0.01953,0.01953,-1.013632
2025-07-02 16:00:56.539,-4.42,4.04,0.0,2.77,-1.66,-16.268,0.0,0.12,24.4,0.28,0.06,0.0,24,0.0,571.2,0.0,0,-0.008789,-0.01953,-1.065388
2025-07-02 16:00:56.593,-4.42,4.04,0.0,2.77,-1.66,-16.268,0.0,0.24,24.4,0.42,0.06,0.0,24,0.0,571.2,0.0,0,-0.020507,0.01953,-1.009726
2025-07-02 16:00:56.644,-4.42,4.04,0.0,2.77,-1.66,-16.268,0.0,0.0,24.4,0.14,0.06,0.0,24,0.0,571.2,0.0,0,-0.024413,0.038084,-1.012655
2025-07-02 16:00:56.694,-4.42,4.04,0.0,2.77,-1.66,-16.268,0.0,0.0,24.5,0.14,0.06,0.0,24,0.0,571.2,0.0,0,-0.034178,0.030272,-1.026327
2025-07-02 16:00:56.745,-4.42,4.04,0.0,2.77,-1.66,-16.268,0.0,0.0,24.5,-0.28,0.06,0.0,24,0.0,571.1,0.0,0,-0.029296,0.038084,-1.026327
2025-07-02 16:00:56.796,-4.42,4.04,0.0,2.77,-1.66,-16.268,0.0,0.0,24.5,0.0,0.06,0.0,24,0.0,571.1,0.0,0,-0.031249,0.036131,-1.036092
2025-07-02 16:00:56.847,-4.42,4.04,0.0,2.77,-1.66,-16.268,0.0,0.0,24.5,-0.28,0.06,0.0,24,0.0,571.2,0.0,0,-0.008789,0.042967,-1.034139
2025-07-02 16:00:56.898,-4.42,4.04,0.0,2.77,-1.66,-16.268,0.0,0.0,24.5,0.0,0.06,0.0,24,0.0,571.2,0.0,0,-0.027343,0.04492,-1.026327
2025-07-02 16:00:56.948,-4.42,4.04,0.0,2.77,-1.66,-16.268,0.0,0.0,24.5,-0.14,0.06,0.0,24,0.0,571.2,0.0,0,-0.036131,0.028319,-1.011679
2025-07-02 16:00:56.999,-4.42,4.04,0.0,2.77,-1.66,-16.268,0.0,0.0,24.5,-0.14,0.06,0.0,24,0.0,571.2,0.0,0,-0.055662,0.027343,-1.027303
2025-07-02 16:00:57.053,-4.42,4.04,0.0,2.77,-1.66,-16.268,0.0,0.12,24.5,0.0,0.06,0.0,24,0.0,571.1,0.0,10,-0.041991,0.039061,-1.023397
2025-07-02 16:00:57.104,-4.42,4.04,0.0,2.78,-1.65,-16.17,0.0,0.0,24.5,0.14,0.06,0.0,24,0.0,571.1,0.0,10,-0.043944,0.017577,-1.008749
2025-07-02 16:00:57.161,-4.42,4.04,0.0,2.78,-1.65,-16.17,0.0,0.0,24.4,0.14,0.06,0.0,24,0.0,571.2,0.0,0,-0.051756,0.000977,-1.024374
2025-07-02 16:00:57.211,-4.42,4.04,0.0,2.78,-1.65,-16.17,0.0,0.0,24.4,-0.14,0.06,0.0,24,0.0,571.2,0.0,0,-0.02246,0.017577,-1.033162
2025-07-02 16:00:57.263,-4.42,4.04,0.0,2.78,-1.65,-16.17,0.0,0.0,24.4,0.0,0.06,0.0,24,0.0,571.2,0.0,0,-0.013671,0.014648,-1.039998
2025-07-02 16:00:57.314,-4.42,4.04,0.0,2.78,-1.65,-16.17,0.0,0.12,24.4,-0.14,0.06,0.0,24,0.0,571.2,0.0,0,-0.024413,0.049803,-1.006796
2025-07-02 16:00:57.365,-4.42,4.04,0.0,2.78,-1.65,-16.17,0.0,0.12,24.4,-0.14,0.06,0.0,24,0.0,571.2,0.0,0,-0.029296,0.031249,-0.997031
2025-07-02 16:00:57.421,-4.42,4.04,0.0,2.78,-1.65,-16.17,0.0,0.12,24.4,-0.14,0.06,0.0,24,0.0,571.2,0.0,0,-0.035155,0.017577,-1.024374
2025-07-02 16:00:57.471,-4.42,4.04,0.0,2.78,-1.65,-16.17,0.0,0.12,24.4,0.0,0.06,0.0,24,0.0,571.2,0.0,10,-0.045897,-0.014648,-1.029256
2025-07-02 16:00:57.522,-4.42,4.04,0.0,2.78,-1.65,-16.17,0.0,0.12,24.4,0.0,0.06,0.0,24,0.0,571.2,0.0,10,-0.026366,0.028319,-1.004843
2025-07-02 16:00:57.574,-4.42,4.04,0.0,2.78,-1.65,-16.17,0.0,0.12,24.4,0.14,0.06,0.0,24,0.0,571.2,0.0,0,-0.038084,0.023437,-1.037068
2025-07-02 16:00:57.625,-4.42,4.04,0.0,2.78,-1.65,-16.17,0.0,0.0,24.4,0.0,0.06,0.0,24,0.0,571.2,0.0,0,-0.026366,0.041991,-1.010702
2025-07-02 16:00:57.676,-4.42,4.04,0.0,2.78,-1.65,-16.17,0.0,0.0,24.4,0.0,0.06,0.0,24,0.0,571.2,0.0,0,-0.038084,0.024413,-1.037068
2025-07-02 16:00:57.727,-4.42,4.04,0.0,2.78,-1.65,-16.17,0.0,0.0,24.4,0.14,0.06,0.0,24,0.0,571.2,0.0,0,-0.014648,0.02539,-1.024374
2025-07-02 16:00:57.778,-4.42,4.04,0.0,2.78,-1.65,-16.17,0.0,0.0,24.4,0.14,0.06,0.0,24,0.0,571.2,0.0,0,-0.041991,0.050779,-1.00582
2025-07-02 16:00:57.829,-4.42,4.04,0.0,2.78,-1.65,-16.17,0.0,0.0,24.4,0.14,0.06,0.0,24,0.0,571.2,0.0,0,-0.041991,0.050779,-1.00582
2025-07-02 16:00:57.879,-4.42,4.04,0.0,2.78,-1.65,-16.17,0.0,0.12,24.4,0.0,0.06,0.0,24,0.0,571.2,0.0,0,-0.038084,0.028319,-1.006796
2025-07-02 16:00:57.930,-4.42,4.04,0.0,2.78,-1.65,-16.17,0.0,0.12,24.4,0.0,0.06,0.0,24,0.0,571.2,0.0,0,-0.016601,0.01953,-1.033162
2025-07-02 16:00:57.981,-4.42,4.04,0.0,2.78,-1.65,-16.17,0.0,0.12,24.4,-0.28,0.06,0.0,24,0.0,571.2,0.0,0,-0.01953,0.014648,-1.020468
2025-07-02 16:00:58.032,-4.42,4.04,0.0,2.78,-1.65,-16.17,0.0,0.0,24.4,0.28,0.06,0.0,24,0.0,571.2,0.0,0,-0.037108,0.031249,-1.035115
2025-07-02 16:00:58.083,-4.42,4.04,0.0,2.78,-1.65,-16.17,0.0,0.0,24.4,0.14,0.06,0.0,24,0.0,571.2,0.0,0,-0.018554,0.066404,-1.037068
2025-07-02 16:00:58.134,-4.42,4.04,0.0,2.78,-1.65,-16.17,0.0,0.0,24.4,0.14,0.06,0.0,24,0.0,571.2,0.0,0,-0.034178,0.036131,-0.998984
2025-07-02 16:00:58.185,-4.42,4.04,0.0,2.78,-1.65,-16.17,0.0,0.0,24.4,0.14,0.06,0.0,24,0.0,571.2,0.0,0,-0.01953,0.046873,-1.015585
2025-07-02 16:00:58.236,-4.42,4.04,0.0,2.78,-1.65,-16.17,0.0,0.0,24.4,0.14,0.06,0.0,24,0.0,571.2,0.0,0,-0.026366,0.023437,-1.007773
2025-07-02 16:00:58.286,-4.42,4.04,0.0,2.78,-1.65,-16.17,0.0,0.0,24.4,0.28,0.06,0.0,24,0.0,571.2,0.0,0,-0.04785,0.033202,-1.043904
2025-07-02 16:00:58.338,-4.42,4.04,0.0,2.78,-1.65,-16.17,0.0,0.0,24.4,-0.14,0.06,0.0,24,0.0,571.2,0.0,0,-0.042967,0.024413,-1.016561
2025-07-02 16:00:58.389,-4.42,4.04,0.0,2.78,-1.65,-16.17,0.0,0.12,24.4,0.14,0.06,0.0,24,0.0,571.2,0.0,0,-0.013671,0.021484,-1.02535
2025-07-02 16:00:58.440,-4.42,4.04,0.0,2.78,-1.65,-16.17,0.0,0.0,24.4,0.0,0.06,0.0,24,0.0,571.2,0.0,0,-0.029296,0.037108,-1.024374
2025-07-02 16:00:58.491,-4.42,4.04,0.0,2.78,-1.65,-16.17,0.0,0.0,24.4,0.0,0.06,0.0,24,0.0,571.2,0.0,0,-0.010742,0.04492,-1.027303
2025-07-02 16:00:58.545,-4.42,4.04,0.0,2.78,-1.65,-16.17,0.0,0.12,24.4,0.14,0.06,0.0,24,0.0,571.2,0.0,0,-0.016601,0.039061,-1.034139
2025-07-02 16:00:58.596,-4.42,4.04,0.0,2.78,-1.65,-16.17,0.0,0.12,24.4,0.0,0.06,0.0,24,0.0,571.2,0.0,0,-0.018554,0.045897,-1.033162
2025-07-02 16:00:58.647,-4.42,4.04,0.0,2.78,-1.65,-16.17,0.0,0.0,24.4,0.0,0.06,0.0,24,0.0,571.2,0.0,0,-0.026366,0.02246,-1.016561
2025-07-02 16:00:58.697,-4.42,4.04,0.0,2.78,-1.65,-16.17,0.0,0.0,24.4,0.0,0.06,0.0,24,0.0,571.2,0.0,0,-0.020507,0.046873,-0.998007
2025-07-02 16:00:58.748,-4.42,4.04,0.0,2.78,-1.65,-16.17,0.0,0.0,24.4,0.0,0.06,0.0,24,0.0,571.2,0.0,0,-0.04492,0.037108,-1.031209
2025-07-02 16:00:58.801,-4.42,4.04,0.0,2.78,-1.65,-16.17,0.0,0.0,24.4,0.28,0.06,0.0,24,0.0,571.2,0.0,0,-0.024413,0.018554,-1.022421
2025-07-02 16:00:58.852,-4.42,4.04,0.0,2.78,-1.65,-16.17,0.0,0.0,24.4,0.28,0.06,0.0,24,0.0,571.2,0.0,10,-0.00293,0.049803,-0.998007
2025-07-02 16:00:58.903,-4.42,4.04,0.0,2.78,-1.65,-16.17,0.0,0.12,24.4,-0.14,0.06,0.0,24,0.0,571.2,0.0,10,-0.045897,0.01953,-1.007773
2025-07-02 16:00:58.953,-4.42,4.04,0.0,2.78,-1.65,-16.17,0.0,0.12,24.4,0.14,0.06,0.0,24,0.0,571.2,0.0,0,0.003906,0.017577,-1.048787
2025-07-02 16:00:59.004,-4.49,4.04,0.0,2.78,-1.72,-16.856,0.0,0.12,24.4,0.0,0.06,0.0,24,0.0,571.2,0.0,0,-0.024413,0.040037,-1.02535
2025-07-02 16:00:59.055,-4.49,4.04,0.0,2.78,-1.72,-16.856,0.0,0.12,24.4,0.14,0.06,0.0,24,0.0,571.3,0.0,0,-0.023437,0.028319,-1.030233
2025-07-02 16:00:59.106,-4.49,4.04,0.0,2.78,-1.72,-16.856,0.0,0.12,24.4,-0.14,0.06,0.0,24,0.0,571.3,0.0,0,-0.023437,0.028319,-1.030233
2025-07-02 16:00:59.156,-4.49,4.04,0.0,2.78,-1.72,-16.856,0.0,0.0,24.4,-0.14,0.06,0.0,24,0.0,571.2,0.0,10,-0.046873,-0.030272,-1.001914
2025-07-02 16:00:59.207,-4.49,4.04,0.0,2.78,-1.72,-16.856,0.0,0.0,24.4,0.0,0.06,0.0,24,0.0,571.2,0.0,10,0.007812,0.026366,-1.019491
2025-07-02 16:00:59.258,-4.49,4.04,0.0,2.78,-1.72,-16.856,0.0,0.24,24.4,0.28,0.06,0.0,24,0.0,571.2,0.0,10,-0.02246,0.029296,-1.009726
2025-07-02 16:00:59.311,-4.49,4.04,0.0,2.78,-1.72,-16.856,0.0,0.24,24.4,-0.14,0.06,0.0,24,0.0,571.2,0.0,10,-0.033202,0.024413,-1.035115
2025-07-02 16:00:59.361,-4.49,4.04,0.0,2.78,-1.72,-16.856,0.0,0.12,24.3,0.0,0.06,0.0,24,0.0,571.2,0.0,0,-0.028319,0.035155,-1.022421
2025-07-02 16:00:59.413,-4.49,4.04,0.0,2.78,-1.72,-16.856,0.0,0.12,24.3,0.42,0.06,0.0,24,0.0,571.2,0.0,0,-0.036131,0.010742,-1.02828
2025-07-02 16:00:59.464,-4.49,4.04,0.0,2.78,-1.72,-16.856,0.0,0.0,24.3,0.0,0.06,0.0,24,0.0,571.2,0.0,0,-0.028319,0.032225,-1.026327
2025-07-02 16:00:59.514,-4.49,4.04,0.0,2.78,-1.72,-16.856,0.0,0.0,24.3,0.0,0.06,0.0,24,0.0,571.2,0.0,0,-0.033202,0.032225,-1.02828
2025-07-02 16:00:59.565,-4.49,4.04,0.0,2.78,-1.72,-16.856,0.0,0.0,24.3,0.28,0.06,0.0,24,0.0,571.2,0.0,0,-0.010742,0.016601,-0.998007
2025-07-02 16:00:59.616,-4.49,4.04,0.0,2.78,-1.72,-16.856,0.0,0.0,24.3,0.0,0.06,0.0,24,0.0,571.2,0.0,0,-0.046873,0.027343,-1.015585
2025-07-02 16:00:59.666,-4.49,4.04,0.0,2.78,-1.72,-16.856,0.0,0.0,24.4,0.0,0.06,0.0,24,0.0,571.2,0.0,0,-0.021484,0.021484,-1.011679
2025-07-02 16:00:59.717,-4.49,4.04,0.0,2.78,-1.72,-16.856,0.0,0.0,24.4,0.0,0.06,0.0,24,0.0,571.2,0.0,0,-0.029296,0.033202,-1.015585
2025-07-02 16:00:59.768,-4.49,4.04,0.0,2.78,-1.72,-16.856,0.0,0.0,24.4,-0.14,0.06,0.0,24,0.0,571.2,0.0,10,-0.04492,0.040037,-1.023397
2025-07-02 16:00:59.818,-4.49,4.04,0.0,2.78,-1.72,-16.856,0.0,0.12,24.4,0.28,0.06,0.0,24,0.0,571.2,0.0,10,-0.026366,0.024413,-1.012655
2025-07-02 16:00:59.869,-4.49,4.04,0.0,2.78,-1.72,-16.856,0.0,0.0,24.4,0.28,0.06,0.0,24,0.0,571.2,0.0,10,-0.027343,0.024413,-1.044881
2025-07-02 16:00:59.920,-4.49,4.04,0.0,2.78,-1.72,-16.856,0.0,0.0,24.4,0.0,0.06,0.0,24,0.0,571.2,0.0,10,-0.007812,0.029296,-1.018514
2025-07-02 16:00:59.971,-4.49,4.04,0.0,2.78,-1.72,-16.856,0.0,0.0,24.4,0.14,0.06,0.0,24,0.0,571.2,0.0,0,-0.017577,0.049803,-1.033162
2025-07-02 16:01:00.021,-4.49,4.04,0.0,2.78,-1.72,-16.856,0.0,0.0,24.4,0.0,0.06,0.0,24,0.0,571.2,0.0,0,-0.021484,0.01953,-1.040975
2025-07-02 16:01:00.072,-4.49,4.04,0.0,2.78,-1.72,-16.856,0.0,0.12,24.4,-0.14,0.06,0.0,24,0.0,571.2,0.0,0,-0.023437,0.005859,-1.027303
2025-07-02 16:01:00.123,-4.49,4.04,0.0,2.78,-1.72,-16.856,0.0,0.0,24.4,-0.28,0.06,0.0,24,0.0,571.2,0.0,0,-0.024413,0.011718,-0.990195
2025-07-02 16:01:00.173,-4.49,4.04,0.0,2.78,-1.72,-16.856,0.0,0.0,24.4,-0.28,0.06,0.0,24,0.0,571.2,0.0,0,-0.02246,0.024413,-1.010702
2025-07-02 16:01:00.224,-4.49,4.04,0.0,2.78,-1.72,-16.856,0.0,0.0,24.5,0.14,0.06,0.0,24,0.0,571.2,0.0,0,-0.01953,0.018554,-1.019491
2025-07-02 16:01:00.275,-4.49,4.04,0.0,2.78,-1.72,-16.856,0.0,0.0,24.5,0.28,0.06,0.0,24,0.0,571.2,0.0,10,-0.020507,0.032225,-1.02535
2025-07-02 16:01:00.325,-4.49,4.04,0.0,2.78,-1.72,-16.856,0.0,0.0,24.4,0.0,0.06,0.0,24,0.0,571.2,0.0,10,-0.020507,0.032225,-1.02535
2025-07-02 16:01:00.376,-4.49,4.04,0.0,2.78,-1.72,-16.856,0.0,0.0,24.4,-0.14,0.06,0.0,24,0.0,571.2,0.0,0,-0.009765,-0.00293,-1.022421
2025-07-02 16:01:00.427,-4.49,4.04,0.0,2.78,-1.72,-16.856,0.0,0.0,24.4,0.14,0.06,0.0,24,0.0,571.2,0.0,0,-0.017577,-0.005859,-1.029256
2025-07-02 16:01:00.478,-4.49,4.04,0.0,2.78,-1.72,-16.856,0.0,0.0,24.4,0.14,0.06,0.0,24,0.0,571.2,0.0,0,-0.041014,0.024413,-1.019491
2025-07-02 16:01:00.528,-4.49,4.04,0.0,2.78,-1.72,-16.856,0.0,0.12,24.4,0.14,0.06,0.0,24,0.0,571.2,0.0,0,-0.009765,0.020507,-1.027303
2025-07-02 16:01:00.579,-4.49,4.04,0.0,2.78,-1.72,-16.856,0.0,0.0,24.4,0.14,0.06,0.0,24,0.0,571.2,0.0,0,-0.042967,0.042967,-1.035115
2025-07-02 16:01:00.630,-4.49,4.04,0.0,2.78,-1.72,-16.856,0.0,0.0,24.5,0.0,0.06,0.0,24,0.0,571.2,0.0,0,-0.027343,0.015624,-1.036092
2025-07-02 16:01:00.681,-4.49,4.04,0.0,2.78,-1.72,-16.856,0.0,0.0,24.5,0.14,0.06,0.0,24,0.0,571.2,0.0,0,-0.028319,0.032225,-1.027303
2025-07-02 16:01:00.732,-4.49,4.04,0.0,2.78,-1.72,-16.856,0.0,0.0,24.5,0.0,0.06,0.0,24,0.0,571.2,0.0,0,-0.02246,0.065427,-0.9775
2025-07-02 16:01:00.783,-4.49,4.04,0.0,2.78,-1.72,-16.856,0.0,0.0,24.5,0.0,0.06,0.0,24,0.0,571.2,0.0,0,-0.030272,0.043944,-1.030233
2025-07-02 16:01:00.837,-4.49,4.04,0.0,2.78,-1.72,-16.856,0.0,0.0,24.5,0.14,0.06,0.0,24,0.0,571.2,0.0,0,-0.010742,0.039061,-1.037068
2025-07-02 16:01:00.888,-4.49,4.04,0.0,2.78,-1.72,-16.856,0.0,0.0,24.5,0.14,0.06,0.0,24,0.0,571.2,0.0,0,-0.030272,0.031249,-1.018514
2025-07-02 16:01:00.939,-4.49,4.04,0.0,2.78,-1.72,-16.856,0.0,0.0,24.5,0.14,0.06,0.0,24,0.0,571.2,0.0,0,-0.006836,0.042967,-1.029256
2025-07-02 16:01:00.990,-4.49,4.04,0.0,2.78,-1.72,-16.856,0.0,0.0,24.5,0.28,0.06,0.0,24,0.0,571.2,0.0,0,-0.016601,0.029296,-1.019491
2025-07-02 16:01:01.041,-4.49,4.04,0.0,2.78,-1.72,-16.856,0.0,0.12,24.5,0.14,0.06,0.0,24,0.0,571.2,0.0,0,-0.009765,0.005859,-1.016561
2025-07-02 16:01:01.091,-4.49,4.04,0.0,2.78,-1.72,-16.856,0.0,0.0,24.5,0.0,0.06,0.0,24,0.0,571.2,0.0,0,-0.014648,0.020507,-1.013632
2025-07-02 16:01:01.142,-4.49,4.04,0.0,2.78,-1.72,-16.856,0.0,0.0,24.5,0.14,0.06,0.0,24,0.0,571.2,0.0,0,-0.041014,0.020507,-1.040975
2025-07-02 16:01:01.193,-4.49,4.04,0.0,2.78,-1.72,-16.856,0.0,0.0,24.4,0.14,0.06,0.0,24,0.0,571.2,0.0,0,-0.029296,0.015624,-1.020468
2025-07-02 16:01:01.244,-4.49,4.04,0.0,2.78,-1.72,-16.856,0.0,0.0,24.4,0.14,0.06,0.0,24,0.0,571.2,0.0,0,-0.04785,0.009765,-1.014608
2025-07-02 16:01:01.295,-4.49,4.04,0.0,2.78,-1.72,-16.856,0.0,0.0,24.4,0.14,0.06,0.0,24,0.0,571.2,0.0,0,-0.032225,0.01953,-1.052693
2025-07-02 16:01:01.346,-4.49,4.04,0.0,2.78,-1.72,-16.856,0.0,0.0,24.4,0.0,0.06,0.0,24,0.0,571.2,0.0,0,-0.017577,0.035155,-1.020468
2025-07-02 16:01:01.397,-4.49,4.04,0.0,2.78,-1.72,-16.856,0.0,0.0,24.4,0.0,0.06,0.0,24,0.0,571.2,0.0,0,-0.02539,0.027343,-1.018514
2025-07-02 16:01:01.447,-4.49,4.04,0.0,2.78,-1.72,-16.856,0.0,0.12,24.4,0.28,0.06,0.0,24,0.0,571.2,0.0,0,-0.042967,0.027343,-1.003867
2025-07-02 16:01:01.501,-4.49,4.04,0.0,2.78,-1.72,-16.856,0.0,0.0,24.4,0.14,0.06,0.0,24,0.0,571.2,0.0,0,-0.02539,0.04492,-1.020468
2025-07-02 16:01:01.552,-4.49,4.04,0.0,2.78,-1.72,-16.856,0.0,0.0,24.4,0.14,0.06,0.0,24,0.0,571.2,0.0,0,-0.027343,0.01953,-1.018514
2025-07-02 16:01:01.605,-4.49,4.04,0.0,2.78,-1.72,-16.856,0.0,0.0,24.4,0.0,0.06,0.0,24,0.0,571.2,0.0,0,-0.031249,0.027343,-1.027303
2025-07-02 16:01:01.656,-4.49,4.04,0.0,2.78,-1.72,-16.856,0.0,0.0,24.4,-0.14,0.06,0.0,24,0.0,571.2,0.0,0,-0.031249,0.027343,-1.027303
2025-07-02 16:01:01.707,-4.49,4.04,0.0,2.78,-1.72,-16.856,0.0,0.0,24.4,0.14,0.06,0.0,24,0.0,571.2,0.0,0,-0.015624,-0.014648,-1.031209
2025-07-02 16:01:01.758,-4.49,4.05,0.0,2.78,-1.71,-16.758,0.0,0.0,24.4,0.0,0.06,0.0,24,0.0,571.2,0.0,0,-0.037108,0.032225,-1.016561
2025-07-02 16:01:01.808,-4.49,4.05,0.0,2.78,-1.71,-16.758,0.0,0.0,24.4,0.14,0.06,0.0,24,0.0,571.2,0.0,0,-0.054685,0.02246,-1.037068
2025-07-02 16:01:01.859,-4.49,4.05,0.0,2.78,-1.71,-16.758,0.0,0.0,24.4,0.0,0.06,0.0,24,0.0,571.2,0.0,0,-0.039061,0.02246,-1.02828
2025-07-02 16:01:01.910,-4.49,4.05,0.0,2.78,-1.71,-16.758,0.0,0.0,24.4,0.0,0.06,0.0,24,0.0,571.2,0.0,0,-0.036131,0.027343,-1.001914
2025-07-02 16:01:01.961,-4.49,4.05,0.0,2.78,-1.71,-16.758,0.0,0.0,24.4,0.0,0.06,0.0,24,0.0,571.2,0.0,0,-0.032225,0.028319,-1.037068
2025-07-02 16:01:02.011,-4.49,4.05,0.0,2.78,-1.71,-16.758,0.0,0.0,24.4,0.14,0.06,0.0,24,0.0,571.2,0.0,0,-0.029296,0.055662,-0.976524
2025-07-02 16:01:02.062,-4.49,4.05,0.0,2.78,-1.71,-16.758,0.0,0.0,24.4,0.0,0.06,0.0,24,0.0,571.2,0.0,0,-0.063474,0.031249,-1.014608
2025-07-02 16:01:02.113,-4.49,4.05,0.0,2.78,-1.71,-16.758,0.0,0.0,24.4,0.14,0.06,0.0,24,0.0,571.2,0.0,0,-0.032225,0.053709,-1.013632
2025-07-02 16:01:02.164,-4.49,4.05,0.0,2.78,-1.71,-16.758,0.0,0.0,24.4,0.14,0.06,0.0,24,0.0,571.2,0.0,0,-0.039061,0.011718,-1.019491
2025-07-02 16:01:02.215,-4.49,4.05,0.0,2.78,-1.71,-16.758,0.0,0.12,24.4,0.0,0.06,0.0,24,0.0,571.2,0.0,0,-0.051756,0.021484,-1.024374
2025-07-02 16:01:02.266,-4.49,4.05,0.0,2.78,-1.71,-16.758,0.0,0.0,24.4,0.0,0.06,0.0,24,0.0,571.2,0.0,0,-0.018554,0.021484,-1.041951
2025-07-02 16:01:02.317,-4.49,4.05,0.0,2.78,-1.71,-16.758,0.0,0.0,24.4,0.0,0.06,0.0,24,0.0,571.2,0.0,0,-0.02539,0.014648,-1.013632
2025-07-02 16:01:02.368,-4.49,4.05,0.0,2.78,-1.71,-16.758,0.0,0.0,24.4,0.0,0.06,0.0,24,0.0,571.1,0.0,10,-0.038084,0.031249,-1.026327
2025-07-02 16:01:02.419,-4.49,4.05,0.0,2.78,-1.71,-16.758,0.0,0.12,24.4,0.0,0.06,0.0,24,0.0,571.1,0.0,10,-0.018554,0.027343,-1.035115
2025-07-02 16:01:02.469,-4.49,4.05,0.0,2.78,-1.71,-16.758,0.0,0.12,24.4,0.0,0.06,0.0,24,0.0,571.2,0.0,10,-0.01953,0.031249,-1.016561
2025-07-02 16:01:02.520,-4.49,4.05,0.0,2.78,-1.71,-16.758,0.0,0.0,24.4,-0.14,0.06,0.0,24,0.0,571.2,0.0,10,-0.031249,0.02246,-1.009726
2025-07-02 16:01:02.571,-4.49,4.05,0.0,2.78,-1.71,-16.758,0.0,0.0,24.4,-0.14,0.06,0.0,24,0.0,571.2,0.0,0,-0.040037,0.037108,-1.036092
2025-07-02 16:01:02.621,-4.49,4.05,0.0,2.78,-1.71,-16.758,0.0,0.0,24.4,0.0,0.06,0.0,24,0.0,571.2,0.0,0,-0.042967,0.036131,-1.039021
2025-07-02 16:01:02.672,-4.49,4.05,0.0,2.78,-1.71,-16.758,0.0,0.12,24.4,0.0,0.06,0.0,24,0.0,571.2,0.0,0,-0.033202,0.023437,-1.027303
2025-07-02 16:01:02.723,-4.49,4.05,0.0,2.78,-1.71,-16.758,0.0,0.12,24.4,0.14,0.06,0.0,24,0.0,571.2,0.0,0,-0.048826,0.029296,-1.015585
2025-07-02 16:01:02.774,-4.49,4.05,0.0,2.78,-1.71,-16.758,0.0,0.0,24.4,0.0,0.06,0.0,24,0.0,571.2,0.0,0,-0.048826,0.029296,-1.015585
2025-07-02 16:01:02.825,-4.49,4.05,0.0,2.78,-1.71,-16.758,0.0,0.0,24.4,0.14,0.06,0.0,24,0.0,571.2,0.0,0,-0.043944,0.009765,-1.022421
2025-07-02 16:01:02.875,-4.49,4.05,0.0,2.78,-1.71,-16.758,0.0,0.0,24.4,0.28,0.06,0.0,24,0.0,571.2,0.0,0,-0.02539,0.048826,-1.032186
2025-07-02 16:01:02.929,-4.49,4.05,0.0,2.78,-1.71,-16.758,0.0,0.0,24.4,0.28,0.06,0.0,24,0.0,571.2,0.0,0,-0.020507,0.041991,-0.995078
2025-07-02 16:01:02.979,-4.49,4.05,0.0,2.78,-1.71,-16.758,0.0,0.12,24.4,0.14,0.06,0.0,24,0.0,571.2,0.0,0,-0.034178,0.017577,-1.024374
2025-07-02 16:01:03.030,-4.49,4.05,0.0,2.78,-1.71,-16.758,0.0,0.0,24.4,0.0,0.06,0.0,24,0.0,571.2,0.0,0,-0.02539,0.057615,-1.035115
2025-07-02 16:01:03.081,-4.49,4.05,0.0,2.78,-1.71,-16.758,0.0,0.0,24.4,0.0,0.06,0.0,24,0.0,571.2,0.0,0,-0.045897,-0.029296,-1.007773
2025-07-02 16:01:03.137,-4.49,4.05,0.0,2.78,-1.71,-16.758,0.0,0.0,24.4,0.0,0.06,0.0,24,0.0,571.2,0.0,0,-0.046873,0.039061,-1.022421
2025-07-02 16:01:03.188,-4.49,4.05,0.0,2.78,-1.71,-16.758,0.0,0.0,24.4,-0.14,0.06,0.0,24,0.0,571.2,0.0,0,-0.028319,-0.021484,-1.023397
2025-07-02 16:01:03.239,-4.49,4.05,0.0,2.78,-1.71,-16.758,0.0,0.24,24.4,-0.14,0.06,0.0,24,0.0,571.2,0.0,0,-0.01953,0.023437,-1.003867
2025-07-02 16:01:03.289,-4.49,4.05,0.0,2.78,-1.71,-16.758,0.0,0.0,24.4,-0.14,0.06,0.0,24,0.0,571.2,0.0,0,-0.031249,0.032225,-1.017538
2025-07-02 16:01:03.340,-4.49,4.05,0.0,2.78,-1.71,-16.758,0.0,0.12,24.4,0.14,0.06,0.0,24,0.0,571.2,0.0,0,-0.021484,0.071286,-1.023397
2025-07-02 16:01:03.391,-4.49,4.05,0.0,2.78,-1.71,-16.758,0.0,0.0,24.4,0.14,0.06,0.0,24,0.0,571.2,0.0,0,-0.037108,0.027343,-1.036092
2025-07-02 16:01:03.442,-4.49,4.05,0.0,2.78,-1.71,-16.758,0.0,0.0,24.4,-0.14,0.06,0.0,24,0.0,571.2,0.0,0,-0.054685,0.015624,-1.011679
2025-07-02 16:01:03.494,-4.49,4.05,0.0,2.78,-1.71,-16.758,0.0,0.12,24.4,0.14,0.06,0.0,24,0.0,571.2,0.0,0,-0.028319,0.034178,-1.009726
2025-07-02 16:01:03.544,-4.49,4.05,0.0,2.78,-1.71,-16.758,0.0,0.0,24.4,0.0,0.06,0.0,24,0.0,571.2,0.0,0,-0.032225,0.016601,-1.017538
2025-07-02 16:01:03.595,-4.49,4.05,0.0,2.78,-1.71,-16.758,0.0,0.0,24.4,0.14,0.06,0.0,24,0.0,571.2,0.0,0,-0.033202,0.041991,-1.027303
2025-07-02 16:01:03.646,-4.49,4.05,0.0,2.78,-1.71,-16.758,0.0,0.0,24.4,0.14,0.06,0.0,24,0.0,571.2,0.0,0,-0.008789,0.056638,-1.033162
2025-07-02 16:01:03.697,-4.49,4.05,0.0,2.78,-1.71,-16.758,0.0,0.0,24.4,0.0,0.06,0.0,24,0.0,571.2,0.0,0,-0.01953,0.014648,-1.00289
2025-07-02 16:01:03.748,-4.49,4.05,0.0,2.75,-1.74,-17.052,0.0,0.0,24.4,0.14,0.06,0.0,24,0.0,571.2,0.0,0,-0.018554,0.033202,-1.007773
2025-07-02 16:01:03.799,-4.49,4.05,0.0,2.75,-1.74,-17.052,0.0,0.0,24.4,0.14,0.06,0.0,24,0.0,571.2,0.0,0,-0.032225,0.024413,-1.029256
2025-07-02 16:01:03.860,-4.49,4.05,0.0,2.75,-1.74,-17.052,0.0,0.0,24.4,0.0,0.06,0.0,24,0.0,571.2,0.0,0,-0.021484,0.020507,-1.033162
2025-07-02 16:01:03.911,-4.49,4.05,0.0,2.75,-1.74,-17.052,0.0,0.0,24.4,-0.14,0.06,0.0,24,0.0,571.2,0.0,0,-0.04492,0.042967,-1.027303
2025-07-02 16:01:03.962,-4.49,4.05,0.0,2.75,-1.74,-17.052,0.0,0.0,24.4,0.0,0.06,0.0,24,0.0,571.2,0.0,0,-0.02539,0.020507,-1.003867
2025-07-02 16:01:04.014,-4.49,4.05,0.0,2.75,-1.74,-17.052,0.0,0.0,24.4,0.42,0.06,0.0,24,0.0,571.2,0.0,0,-0.041014,0.037108,-1.006796
2025-07-02 16:01:04.065,-4.49,4.05,0.0,2.75,-1.74,-17.052,0.0,0.0,24.4,0.42,0.06,0.0,24,0.0,571.2,0.0,0,-0.040037,-0.02246,-1.026327
2025-07-02 16:01:04.116,-4.49,4.05,0.0,2.75,-1.74,-17.052,0.0,0.0,24.4,0.28,0.06,0.0,24,0.0,571.2,0.0,0,-0.026366,0.036131,-1.022421
2025-07-02 16:01:04.167,-4.49,4.05,0.0,2.75,-1.74,-17.052,0.0,0.0,24.4,0.14,0.06,0.0,24,0.0,571.2,0.0,0,-0.036131,0.045897,-1.035115
2025-07-02 16:01:04.218,-4.49,4.05,0.0,2.75,-1.74,-17.052,0.0,0.0,24.4,0.0,0.06,0.0,24,0.0,571.2,0.0,0,-0.039061,0.02246,-1.031209
2025-07-02 16:01:04.269,-4.49,4.05,0.0,2.75,-1.74,-17.052,0.0,0.0,24.4,0.14,0.06,0.0,24,0.0,571.2,0.0,0,-0.032225,0.024413,-1.034139
2025-07-02 16:01:04.319,-4.49,4.05,0.0,2.75,-1.74,-17.052,0.0,0.0,24.4,0.0,0.06,0.0,24,0.0,571.2,0.0,0,-0.01953,0.035155,-1.019491
2025-07-02 16:01:04.370,-4.49,4.05,0.0,2.75,-1.74,-17.052,0.0,0.0,24.4,0.28,0.06,0.0,24,0.0,571.2,0.0,0,-0.01953,0.035155,-1.019491
2025-07-02 16:01:04.421,-4.49,4.05,0.0,2.75,-1.74,-17.052,0.0,0.0,24.4,0.28,0.06,0.0,24,0.0,571.2,0.0,0,-0.00293,0.035155,-1.02535
2025-07-02 16:01:04.472,-4.49,4.05,0.0,2.75,-1.74,-17.052,0.0,0.0,24.4,-0.14,0.06,0.0,24,0.0,571.2,0.0,0,-0.013671,0.038084,-1.008749
2025-07-02 16:01:04.523,-4.49,4.05,0.0,2.75,-1.74,-17.052,0.0,0.0,24.4,0.14,0.06,0.0,24,0.0,571.2,0.0,0,-0.032225,0.021484,-1.041951
2025-07-02 16:01:04.574,-4.49,4.05,0.0,2.75,-1.74,-17.052,0.0,0.12,24.4,-0.14,0.06,0.0,24,0.0,571.2,0.0,0,-0.033202,0.039061,-1.016561
2025-07-02 16:01:04.625,-4.49,4.05,0.0,2.75,-1.74,-17.052,0.0,0.12,24.4,0.0,0.06,0.0,24,0.0,571.2,0.0,0,-0.029296,0.012695,-1.035115
2025-07-02 16:01:04.676,-4.49,4.05,0.0,2.75,-1.74,-17.052,0.0,0.12,24.4,0.28,0.06,0.0,24,0.0,571.2,0.0,0,-0.021484,0.028319,-1.022421
2025-07-02 16:01:04.726,-4.49,4.05,0.0,2.75,-1.74,-17.052,0.0,0.0,24.4,0.28,0.06,0.0,24,0.0,571.2,0.0,0,-0.020507,0.030272,-1.016561
2025-07-02 16:01:04.777,-4.49,4.05,0.0,2.75,-1.74,-17.052,0.0,0.12,24.4,0.14,0.06,0.0,24,0.0,571.1,0.0,0,-0.045897,0.020507,-1.023397
2025-07-02 16:01:04.828,-4.49,4.05,0.0,2.75,-1.74,-17.052,0.0,0.0,24.4,-0.42,0.06,0.0,24,0.0,571.1,0.0,0,-0.012695,0.02246,-1.038045
2025-07-02 16:01:04.879,-4.49,4.05,0.0,2.75,-1.74,-17.052,0.0,0.0,24.4,0.0,0.06,0.0,24,0.0,571.2,0.0,0,-0.039061,0.027343,-1.019491
2025-07-02 16:01:04.929,-4.49,4.05,0.0,2.75,-1.74,-17.052,0.0,0.0,24.4,0.0,0.06,0.0,24,0.0,571.2,0.0,10,-0.032225,0.04785,-1.014608
2025-07-02 16:01:04.980,-4.49,4.05,0.0,2.75,-1.74,-17.052,0.0,0.0,24.4,0.28,0.06,0.0,24,0.0,571.2,0.0,10,-0.030272,0.018554,-1.024374
2025-07-02 16:01:05.033,-4.49,4.05,0.0,2.75,-1.74,-17.052,0.0,0.0,24.4,0.14,0.06,0.0,24,0.0,571.2,0.0,0,-0.027343,0.035155,-1.024374
2025-07-02 16:01:05.083,-4.49,4.05,0.0,2.75,-1.74,-17.052,0.0,0.0,24.4,0.14,0.06,0.0,24,0.0,571.2,0.0,0,-0.045897,0.031249,-1.031209
2025-07-02 16:01:05.134,-4.49,4.05,0.0,2.75,-1.74,-17.052,0.0,0.0,24.3,0.0,0.06,0.0,24,0.0,571.2,0.0,0,-0.026366,0.01953,-1.031209
2025-07-02 16:01:05.185,-4.49,4.05,0.0,2.75,-1.74,-17.052,0.0,0.0,24.4,0.14,0.06,0.0,24,0.0,571.2,0.0,0,-0.034178,0.036131,-1.02535
2025-07-02 16:01:05.236,-4.49,4.05,0.0,2.75,-1.74,-17.052,0.0,0.0,24.4,-0.28,0.06,0.0,24,0.0,571.2,0.0,0,-0.051756,0.033202,-1.018514
2025-07-02 16:01:05.289,-4.49,4.05,0.0,2.75,-1.74,-17.052,0.0,0.0,24.4,0.28,0.06,0.0,24,0.0,571.2,0.0,0,-0.014648,0.011718,-1.033162
2025-07-02 16:01:05.340,-4.49,4.05,0.0,2.75,-1.74,-17.052,0.0,0.0,24.4,0.14,0.06,0.0,24,0.0,571.2,0.0,0,-0.029296,0.043944,-1.02828
2025-07-02 16:01:05.393,-4.49,4.05,0.0,2.75,-1.74,-17.052,0.0,0.0,24.4,0.42,0.06,0.0,24,0.0,571.2,0.0,0,-0.041014,0.034178,-1.043904
2025-07-02 16:01:05.444,-4.49,4.05,0.0,2.75,-1.74,-17.052,0.0,0.0,24.4,0.42,0.06,0.0,24,0.0,571.2,0.0,0,-0.046873,0.013671,-1.036092
2025-07-02 16:01:05.497,-4.49,4.05,0.0,2.75,-1.74,-17.052,0.0,0.0,24.4,0.0,0.06,0.0,24,0.0,571.2,0.0,0,-0.054685,0.02539,-1.019491
2025-07-02 16:01:05.548,-4.49,4.05,0.0,2.75,-1.74,-17.052,0.0,0.0,24.4,0.28,0.06,0.0,24,0.0,571.2,0.0,0,-0.06738,0.016601,-0.997031
2025-07-02 16:01:05.599,-4.49,4.05,0.0,2.75,-1.74,-17.052,0.0,0.0,24.4,0.14,0.06,0.0,24,0.0,571.2,0.0,0,-0.013671,0.027343,-1.017538
2025-07-02 16:01:05.650,-4.54,4.05,0.0,2.75,-1.79,-17.542,0.0,0.12,24.4,0.28,0.06,0.0,24,0.0,571.2,0.0,0,-0.036131,0.035155,-1.009726
2025-07-02 16:01:05.700,-4.54,4.05,0.0,2.75,-1.79,-17.542,0.0,0.12,24.4,-0.14,0.06,0.0,24,0.0,571.2,0.0,0,-0.023437,0.027343,-1.04781
2025-07-02 16:01:05.751,-4.54,4.05,0.0,2.75,-1.79,-17.542,0.0,0.0,24.4,-0.14,0.06,0.0,24,0.0,571.1,0.0,0,-0.059568,0.011718,-1.033162
2025-07-02 16:01:05.802,-4.54,4.05,0.0,2.75,-1.79,-17.542,0.0,0.0,24.4,-0.14,0.06,0.0,24,0.0,571.1,0.0,0,-0.033202,0.012695,-1.011679
2025-07-02 16:01:05.853,-4.54,4.05,0.0,2.75,-1.79,-17.542,0.0,0.0,24.5,-0.14,0.06,0.0,24,0.0,571.2,0.0,0,-0.032225,0.004883,-1.011679
2025-07-02 16:01:05.903,-4.54,4.05,0.0,2.75,-1.79,-17.542,0.0,0.0,24.5,0.14,0.06,0.0,24,0.0,571.2,0.0,0,-0.024413,0.037108,-1.024374
2025-07-02 16:01:05.954,-4.54,4.05,0.0,2.75,-1.79,-17.542,0.0,0.0,24.5,0.0,0.06,0.0,24,0.0,571.2,0.0,0,-0.045897,0.011718,-1.004843
2025-07-02 16:01:06.005,-4.54,4.05,0.0,2.75,-1.79,-17.542,0.0,0.0,24.5,0.0,0.06,0.0,24,0.0,571.2,0.0,0,-0.018554,0.020507,-0.992148
2025-07-02 16:01:06.061,-4.54,4.05,0.0,2.75,-1.79,-17.542,0.0,0.0,24.5,0.14,0.06,0.0,24,0.0,571.2,0.0,0,-0.030272,0.040037,-1.02828
2025-07-02 16:01:06.112,-4.54,4.05,0.0,2.75,-1.79,-17.542,0.0,0.0,24.5,0.28,0.06,0.0,24,0.0,571.2,0.0,0,-0.034178,0.039061,-1.038045
2025-07-02 16:01:06.163,-4.54,4.05,0.0,2.75,-1.79,-17.542,0.0,0.0,24.5,0.28,0.06,0.0,24,0.0,571.2,0.0,0,-0.034178,0.039061,-1.038045
2025-07-02 16:01:06.214,-4.54,4.05,0.0,2.75,-1.79,-17.542,0.0,0.0,24.5,0.42,0.06,0.0,24,0.0,571.2,0.0,0,-0.027343,0.017577,-1.031209
2025-07-02 16:01:06.265,-4.54,4.05,0.0,2.75,-1.79,-17.542,0.0,0.0,24.5,0.0,0.06,0.0,24,0.0,571.2,0.0,10,-0.04785,0.02246,-1.020468
2025-07-02 16:01:06.317,-4.54,4.05,0.0,2.75,-1.79,-17.542,0.0,0.12,24.5,0.0,0.06,0.0,24,0.0,571.2,0.0,10,0.004883,0.04492,-1.015585
2025-07-02 16:01:06.369,-4.54,4.05,0.0,2.75,-1.79,-17.542,0.0,0.0,24.5,0.0,0.06,0.0,24,0.0,571.2,0.0,0,-0.012695,0.006836,-1.00289
2025-07-02 16:01:06.420,-4.54,4.05,0.0,2.75,-1.79,-17.542,0.0,0.0,24.5,-0.14,0.06,0.0,24,0.0,571.2,0.0,0,-0.04785,0.029296,-1.00582
2025-07-02 16:01:06.471,-4.54,4.05,0.0,2.75,-1.79,-17.542,0.0,0.0,24.5,0.28,0.06,0.0,24,0.0,571.2,0.0,0,-0.037108,0.02246,-1.013632
2025-07-02 16:01:06.522,-4.54,4.05,0.0,2.75,-1.79,-17.542,0.0,0.12,24.5,0.28,0.06,0.0,24,0.0,571.2,0.0,0,-0.035155,0.012695,-1.023397
2025-07-02 16:01:06.573,-4.54,4.05,0.0,2.75,-1.79,-17.542,0.0,0.0,24.4,-0.14,0.06,0.0,24,0.0,571.2,0.0,0,-0.046873,0.024413,-1.033162
2025-07-02 16:01:06.623,-4.54,4.05,0.0,2.75,-1.79,-17.542,0.0,0.0,24.4,0.14,0.06,0.0,24,0.0,571.2,0.0,0,-0.04785,0.04492,-1.008749
2025-07-02 16:01:06.674,-4.54,4.05,0.0,2.75,-1.79,-17.542,0.0,0.0,24.4,0.0,0.06,0.0,24,0.0,571.2,0.0,10,-0.024413,0.031249,-1.030233
2025-07-02 16:01:06.729,-4.54,4.05,0.0,2.75,-1.79,-17.542,0.0,0.12,24.4,0.0,0.06,0.0,24,0.0,571.2,0.0,10,-0.016601,0.024413,-1.02828
2025-07-02 16:01:06.779,-4.54,4.05,0.0,2.75,-1.79,-17.542,0.0,0.0,24.4,0.14,0.06,0.0,24,0.0,571.2,0.0,0,-0.024413,0.024413,-1.021444
2025-07-02 16:01:06.833,-4.54,4.05,0.0,2.75,-1.79,-17.542,0.0,0.0,24.4,0.28,0.06,0.0,24,0.0,571.2,0.0,0,-0.017577,0.01953,-1.021444
2025-07-02 16:01:06.883,-4.54,4.05,0.0,2.75,-1.79,-17.542,0.0,0.0,24.4,0.28,0.06,0.0,24,0.0,571.2,0.0,0,-0.041991,0.015624,-1.017538
2025-07-02 16:01:06.934,-4.54,4.05,0.0,2.75,-1.79,-17.542,0.0,0.0,24.4,0.28,0.06,0.0,24,0.0,571.2,0.0,0,-0.039061,0.028319,-1.039998
2025-07-02 16:01:06.985,-4.54,4.05,0.0,2.75,-1.79,-17.542,0.0,0.0,24.4,0.0,0.06,0.0,24,0.0,571.2,0.0,0,-0.013671,0.003906,-1.00582
2025-07-02 16:01:07.037,-4.54,4.05,0.0,2.75,-1.79,-17.542,0.0,0.0,24.5,0.14,0.06,0.0,24,0.0,571.2,0.0,0,-0.037108,0.015624,-1.031209
2025-07-02 16:01:07.088,-4.54,4.05,0.0,2.75,-1.79,-17.542,0.0,0.12,24.5,0.0,0.06,0.0,24,0.0,571.2,0.0,0,-0.050779,0.010742,-1.021444
2025-07-02 16:01:07.139,-4.54,4.05,0.0,2.75,-1.79,-17.542,0.0,0.0,24.5,0.0,0.06,0.0,24,0.0,571.2,0.0,10,-0.015624,0.01953,-1.020468
2025-07-02 16:01:07.190,-4.54,4.05,0.0,2.75,-1.79,-17.542,0.0,0.0,24.5,-0.14,0.06,0.0,24,0.0,571.2,0.0,10,-0.036131,0.042967,-1.023397
2025-07-02 16:01:07.245,-4.54,4.05,0.0,2.75,-1.79,-17.542,0.0,0.24,24.5,-0.14,0.06,0.0,24,0.0,571.2,0.0,0,-0.034178,0.029296,-1.021444
2025-07-02 16:01:07.301,-4.54,4.05,0.0,2.75,-1.79,-17.542,0.0,0.12,24.5,0.14,0.06,0.0,24,0.0,571.2,0.0,0,-0.049803,0.027343,-1.019491
2025-07-02 16:01:07.352,-4.54,4.05,0.0,2.75,-1.79,-17.542,0.0,0.12,24.5,0.14,0.06,0.0,24,0.0,571.2,0.0,0,-0.027343,0.04785,-1.018514
2025-07-02 16:01:07.402,-4.54,4.05,0.0,2.75,-1.79,-17.542,0.0,0.12,24.5,0.0,0.06,0.0,24,0.0,571.2,0.0,0,-0.011718,0.030272,-1.036092
2025-07-02 16:01:07.453,-4.54,4.05,0.0,2.75,-1.79,-17.542,0.0,0.12,24.5,0.0,0.06,0.0,24,0.0,571.2,0.0,0,-0.036131,0.00293,-1.013632
2025-07-02 16:01:07.504,-4.54,4.05,0.0,2.75,-1.79,-17.542,0.0,0.12,24.5,0.0,0.06,0.0,24,0.0,571.2,0.0,0,-0.033202,0.034178,-1.029256
2025-07-02 16:01:07.557,-4.54,4.05,0.0,2.75,-1.79,-17.542,0.0,0.24,24.5,0.14,0.06,0.0,24,0.0,571.2,0.0,0,-0.052732,0.037108,-1.015585
2025-07-02 16:01:07.609,-4.54,4.05,0.0,2.75,-1.79,-17.542,0.0,0.0,24.5,-0.14,0.06,0.0,24,0.0,571.2,0.0,0,-0.023437,-0.006836,-1.052693
2025-07-02 16:01:07.665,-4.54,4.05,0.0,2.75,-1.79,-17.542,0.0,0.0,24.5,0.28,0.06,0.0,24,0.0,571.2,0.0,10,-0.033202,0.04492,-1.018514
2025-07-02 16:01:07.715,-4.54,4.05,0.0,2.75,-1.79,-17.542,0.0,0.0,24.5,0.28,0.06,0.0,24,0.0,571.2,0.0,10,-0.020507,0.034178,-1.039021
2025-07-02 16:01:07.769,-4.54,4.05,0.0,2.75,-1.79,-17.542,0.0,0.0,24.5,0.28,0.06,0.0,24,0.0,571.2,0.0,0,-0.034178,0.01953,-1.035115
2025-07-02 16:01:07.820,-4.54,4.07,0.0,2.75,-1.77,-17.346,0.0,0.0,24.6,0.0,0.06,0.0,24,0.0,571.2,0.0,0,-0.035155,0.016601,-1.022421
2025-07-02 16:01:07.871,-4.54,4.07,0.0,2.75,-1.77,-17.346,0.0,0.0,24.6,0.0,0.06,0.0,24,0.0,571.2,0.0,0,-0.029296,0.036131,-1.023397
2025-07-02 16:01:07.925,-4.54,4.07,0.0,2.75,-1.77,-17.346,0.0,0.0,24.6,0.0,0.06,0.0,24,0.0,571.2,0.0,0,-0.027343,0.043944,-1.026327
2025-07-02 16:01:07.976,-4.54,4.07,0.0,2.75,-1.77,-17.346,0.0,0.0,24.6,0.0,0.06,0.0,24,0.0,571.2,0.0,0,-0.029296,0.021484,-1.042928
2025-07-02 16:01:08.029,-4.54,4.07,0.0,2.75,-1.77,-17.346,0.0,0.0,24.6,-0.14,0.06,0.0,24,0.0,571.1,0.0,0,-0.033202,0.003906,-1.029256
2025-07-02 16:01:08.080,-4.54,4.07,0.0,2.75,-1.77,-17.346,0.0,0.0,24.6,-0.14,0.06,0.0,24,0.0,571.1,0.0,0,-0.016601,0.017577,-1.040975
2025-07-02 16:01:08.131,-4.54,4.07,0.0,2.75,-1.77,-17.346,0.0,0.0,24.6,0.28,0.06,0.0,24,0.0,571.2,0.0,0,-0.003906,0.034178,-1.034139
2025-07-02 16:01:08.181,-4.54,4.07,0.0,2.75,-1.77,-17.346,0.0,0.0,24.6,0.0,0.06,0.0,24,0.0,571.2,0.0,0,-0.04492,0.006836,-1.063435
2025-07-02 16:01:08.232,-4.54,4.07,0.0,2.75,-1.77,-17.346,0.0,0.0,24.6,0.0,0.06,0.0,24,0.0,571.2,0.0,0,-0.027343,0.02539,-1.019491
2025-07-02 16:01:08.283,-4.54,4.07,0.0,2.75,-1.77,-17.346,0.0,0.0,24.6,0.0,0.06,0.0,24,0.0,571.2,0.0,0,-0.029296,0.041991,-1.019491
2025-07-02 16:01:08.334,-4.54,4.07,0.0,2.75,-1.77,-17.346,0.0,0.0,24.6,0.14,0.06,0.0,24,0.0,571.2,0.0,0,-0.050779,0.021484,-0.995078
2025-07-02 16:01:08.385,-4.54,4.07,0.0,2.75,-1.77,-17.346,0.0,0.0,24.5,0.0,0.06,0.0,24,0.0,571.2,0.0,0,-0.050779,0.021484,-0.995078
2025-07-02 16:01:08.435,-4.54,4.07,0.0,2.75,-1.77,-17.346,0.0,0.0,24.5,0.0,0.06,0.0,24,0.0,571.2,0.0,0,-0.033202,0.042967,-1.035115
2025-07-02 16:01:08.486,-4.54,4.07,0.0,2.75,-1.77,-17.346,0.0,0.0,24.5,0.28,0.06,0.0,24,0.0,571.2,0.0,0,-0.017577,0.012695,-1.02828
2025-07-02 16:01:08.538,-4.54,4.07,0.0,2.75,-1.77,-17.346,0.0,0.0,24.5,0.0,0.06,0.0,24,0.0,571.1,0.0,0,-0.00293,0.027343,-1.039021
2025-07-02 16:01:08.588,-4.54,4.07,0.0,2.75,-1.77,-17.346,0.0,0.0,24.5,-0.14,0.06,0.0,24,0.0,571.1,0.0,0,-0.045897,0.016601,-1.024374
2025-07-02 16:01:08.639,-4.54,4.07,0.0,2.75,-1.77,-17.346,0.0,0.0,24.5,0.0,0.06,0.0,24,0.0,571.2,0.0,0,-0.034178,0.028319,-1.010702
2025-07-02 16:01:08.690,-4.54,4.07,0.0,2.75,-1.77,-17.346,0.0,0.0,24.5,0.14,0.06,0.0,24,0.0,571.2,0.0,0,-0.056638,-0.010742,-1.024374
2025-07-02 16:01:08.741,-4.54,4.07,0.0,2.75,-1.77,-17.346,0.0,0.0,24.5,0.14,0.06,0.0,24,0.0,571.2,0.0,0,-0.04492,0.04492,-1.013632
2025-07-02 16:01:08.792,-4.54,4.07,0.0,2.75,-1.77,-17.346,0.0,0.0,24.5,0.0,0.06,0.0,24,0.0,571.2,0.0,0,-0.030272,0.02246,-1.009726
2025-07-02 16:01:08.843,-4.54,4.07,0.0,2.75,-1.77,-17.346,0.0,0.0,24.5,0.0,0.06,0.0,24,0.0,571.2,0.0,0,0.007812,-0.014648,-1.02535
2025-07-02 16:01:08.894,-4.54,4.07,0.0,2.75,-1.77,-17.346,0.0,0.0,24.5,-0.28,0.06,0.0,24,0.0,571.2,0.0,0,-0.033202,0.04492,-1.038045
2025-07-02 16:01:08.945,-4.54,4.07,0.0,2.75,-1.77,-17.346,0.0,0.12,24.5,0.28,0.06,0.0,24,0.0,571.2,0.0,0,-0.012695,0.020507,-1.014608
2025-07-02 16:01:08.996,-4.54,4.07,0.0,2.75,-1.77,-17.346,0.0,0.0,24.5,-0.14,0.06,0.0,24,0.0,571.2,0.0,0,0.0,0.011718,-1.062458
2025-07-02 16:01:09.047,-4.54,4.07,0.0,2.75,-1.77,-17.346,0.0,0.0,24.5,0.0,0.06,0.0,24,0.0,571.2,0.0,0,-0.024413,0.014648,-1.016561
2025-07-02 16:01:09.098,-4.54,4.07,0.0,2.75,-1.77,-17.346,0.0,0.0,24.5,0.0,0.06,0.0,24,0.0,571.2,0.0,0,-0.041991,0.026366,-1.014608
2025-07-02 16:01:09.149,-4.54,4.07,0.0,2.75,-1.77,-17.346,0.0,0.0,24.5,-0.28,0.06,0.0,24,0.0,571.2,0.0,0,-0.052732,0.007812,-0.998007
2025-07-02 16:01:09.199,-4.54,4.07,0.0,2.75,-1.77,-17.346,0.0,0.0,24.6,0.0,0.06,0.0,24,0.0,571.2,0.0,0,-0.023437,0.037108,-1.027303
2025-07-02 16:01:09.250,-4.54,4.07,0.0,2.75,-1.77,-17.346,0.0,0.0,24.5,0.0,0.06,0.0,24,0.0,571.2,0.0,0,-0.017577,0.010742,-1.013632
2025-07-02 16:01:09.301,-4.54,4.07,0.0,2.75,-1.77,-17.346,0.0,0.0,24.5,0.0,0.06,0.0,24,0.0,571.2,0.0,0,-0.007812,0.02539,-1.027303
2025-07-02 16:01:09.352,-4.54,4.07,0.0,2.71,-1.81,-17.738,0.0,0.0,24.5,0.14,0.06,0.0,24,0.0,571.2,0.0,0,-0.001953,0.056638,-1.032186
2025-07-02 16:01:09.403,-4.54,4.07,0.0,2.71,-1.81,-17.738,0.0,0.0,24.5,-0.28,0.06,0.0,24,0.0,571.2,0.0,0,-0.01953,0.028319,-1.029256
2025-07-02 16:01:09.454,-4.54,4.07,0.0,2.71,-1.81,-17.738,0.0,0.12,24.5,-0.28,0.06,0.0,24,0.0,571.2,0.0,0,-0.040037,0.032225,-1.043904
2025-07-02 16:01:09.505,-4.54,4.07,0.0,2.71,-1.81,-17.738,0.0,0.0,24.5,0.28,0.06,0.0,24,0.0,571.2,0.0,0,-0.037108,0.064451,-1.001914
2025-07-02 16:01:09.556,-4.54,4.07,0.0,2.71,-1.81,-17.738,0.0,0.0,24.5,0.0,0.06,0.0,24,0.0,571.2,0.0,0,-0.02539,0.007812,-1.027303
2025-07-02 16:01:09.606,-4.54,4.07,0.0,2.71,-1.81,-17.738,0.0,0.12,24.5,0.14,0.06,0.0,24,0.0,571.2,0.0,0,-0.015624,0.017577,-1.006796
2025-07-02 16:01:09.657,-4.54,4.07,0.0,2.71,-1.81,-17.738,0.0,0.12,24.5,-0.14,0.06,0.0,24,0.0,571.2,0.0,0,-0.034178,0.014648,-1.051716
2025-07-02 16:01:09.708,-4.54,4.07,0.0,2.71,-1.81,-17.738,0.0,0.0,24.5,-0.14,0.06,0.0,24,0.0,571.2,0.0,0,-0.033202,0.024413,-1.033162
2025-07-02 16:01:09.759,-4.54,4.07,0.0,2.71,-1.81,-17.738,0.0,0.0,24.5,-0.14,0.06,0.0,24,0.0,571.2,0.0,0,-0.039061,0.018554,-1.020468
2025-07-02 16:01:09.809,-4.54,4.07,0.0,2.71,-1.81,-17.738,0.0,0.0,24.5,-0.14,0.06,0.0,24,0.0,571.2,0.0,0,-0.042967,0.024413,-1.032186
2025-07-02 16:01:09.860,-4.54,4.07,0.0,2.71,-1.81,-17.738,0.0,0.12,24.4,-0.28,0.06,0.0,24,0.0,571.2,0.0,0,-0.04492,0.035155,-1.023397
2025-07-02 16:01:09.911,-4.54,4.07,0.0,2.71,-1.81,-17.738,0.0,0.12,24.5,0.28,0.06,0.0,24,0.0,571.2,0.0,0,-0.028319,0.035155,-1.006796
2025-07-02 16:01:09.962,-4.54,4.07,0.0,2.71,-1.81,-17.738,0.0,0.12,24.5,0.14,0.06,0.0,24,0.0,571.2,0.0,0,-0.048826,0.037108,-1.003867
2025-07-02 16:01:10.013,-4.54,4.07,0.0,2.71,-1.81,-17.738,0.0,0.0,24.5,-0.14,0.06,0.0,24,0.0,571.2,0.0,0,-0.01953,0.041014,-1.039998
2025-07-02 16:01:10.066,-4.54,4.07,0.0,2.71,-1.81,-17.738,0.0,0.0,24.5,0.0,0.06,0.0,24,0.0,571.2,0.0,0,-0.032225,0.032225,-1.030233
2025-07-02 16:01:10.116,-4.54,4.07,0.0,2.71,-1.81,-17.738,0.0,0.0,24.5,0.0,0.06,0.0,24,0.0,571.2,0.0,0,0.010742,0.04492,-1.031209
2025-07-02 16:01:10.169,-4.54,4.07,0.0,2.71,-1.81,-17.738,0.0,0.0,24.5,-0.14,0.06,0.0,24,0.0,571.2,0.0,0,-0.027343,0.024413,-1.019491
2025-07-02 16:01:10.220,-4.54,4.07,0.0,2.71,-1.81,-17.738,0.0,0.12,24.5,0.28,0.06,0.0,24,0.0,571.2,0.0,0,-0.02539,0.038084,-1.011679
2025-07-02 16:01:10.271,-4.54,4.07,0.0,2.71,-1.81,-17.738,0.0,0.12,24.5,-0.14,0.06,0.0,24,0.0,571.2,0.0,10,-0.035155,0.00293,-1.020468
2025-07-02 16:01:10.325,-4.54,4.07,0.0,2.71,-1.81,-17.738,0.0,0.0,24.5,-0.14,0.06,0.0,24,0.0,571.2,0.0,10,-0.028319,0.029296,-1.006796
2025-07-02 16:01:10.376,-4.54,4.07,0.0,2.71,-1.81,-17.738,0.0,0.0,24.5,0.0,0.06,0.0,24,0.0,571.2,0.0,0,-0.028319,0.029296,-1.006796
2025-07-02 16:01:10.429,-4.54,4.07,0.0,2.71,-1.81,-17.738,0.0,0.0,24.5,0.0,0.06,0.0,24,0.0,571.2,0.0,0,-0.030272,0.041991,-1.017538
2025-07-02 16:01:10.485,-4.54,4.07,0.0,2.71,-1.81,-17.738,0.0,0.0,24.5,-0.14,0.06,0.0,24,0.0,571.2,0.0,0,-0.034178,0.036131,-1.039021
2025-07-02 16:01:10.535,-4.54,4.07,0.0,2.71,-1.81,-17.738,0.0,0.12,24.5,-0.14,0.06,0.0,24,0.0,571.2,0.0,0,-0.032225,0.04492,-1.026327
2025-07-02 16:01:10.589,-4.54,4.07,0.0,2.71,-1.81,-17.738,0.0,0.0,24.5,0.0,0.06,0.0,24,0.0,571.2,0.0,0,-0.037108,0.028319,-1.022421
2025-07-02 16:01:10.640,-4.54,4.07,0.0,2.71,-1.81,-17.738,0.0,0.0,24.5,0.0,0.06,0.0,24,0.0,571.2,0.0,0,-0.027343,0.026366,-1.007773
2025-07-02 16:01:10.692,-4.54,4.07,0.0,2.71,-1.81,-17.738,0.0,0.0,24.5,-0.14,0.06,0.0,24,0.0,571.2,0.0,0,-0.034178,0.011718,-1.011679
2025-07-02 16:01:10.743,-4.54,4.07,0.0,2.71,-1.81,-17.738,0.0,0.0,24.5,0.14,0.06,0.0,24,0.0,571.2,0.0,0,-0.02539,0.034178,-1.018514
2025-07-02 16:01:10.795,-4.54,4.07,0.0,2.71,-1.81,-17.738,0.0,0.0,24.5,0.0,0.06,0.0,24,0.0,571.2,0.0,0,-0.031249,0.053709,-1.015585
2025-07-02 16:01:10.846,-4.54,4.07,0.0,2.71,-1.81,-17.738,0.0,0.0,24.5,0.14,0.06,0.0,24,0.0,571.2,0.0,0,-0.018554,0.021484,-1.042928
2025-07-02 16:01:10.897,-4.54,4.07,0.0,2.71,-1.81,-17.738,0.0,0.24,24.5,0.14,0.06,0.0,24,0.0,571.2,0.0,0,-0.030272,0.036131,-1.015585
2025-07-02 16:01:10.948,-4.54,4.07,0.0,2.71,-1.81,-17.738,0.0,0.0,24.5,-0.14,0.06,0.0,24,0.0,571.2,0.0,10,-0.051756,0.001953,-1.011679
2025-07-02 16:01:10.999,-4.54,4.07,0.0,2.71,-1.81,-17.738,0.0,0.0,24.5,-0.14,0.06,0.0,24,0.0,571.2,0.0,10,-0.039061,0.027343,-1.02535
2025-07-02 16:01:11.050,-4.54,4.07,0.0,2.71,-1.81,-17.738,0.0,0.0,24.5,-0.14,0.06,0.0,24,0.0,571.2,0.0,10,-0.024413,0.014648,-1.035115
2025-07-02 16:01:11.101,-4.54,4.07,0.0,2.71,-1.81,-17.738,0.0,0.0,24.5,0.0,0.06,0.0,24,0.0,571.2,0.0,10,-0.048826,0.039061,-1.02828
2025-07-02 16:01:11.152,-4.54,4.07,0.0,2.71,-1.81,-17.738,0.0,0.0,24.5,-0.28,0.06,0.0,24,0.0,571.2,0.0,0,-0.049803,0.031249,-1.043904
2025-07-02 16:01:11.202,-4.54,4.07,0.0,2.71,-1.81,-17.738,0.0,0.0,24.5,-0.14,0.06,0.0,24,0.0,571.2,0.0,0,-0.038084,0.029296,-1.032186
2025-07-02 16:01:11.253,-4.54,4.07,0.0,2.71,-1.81,-17.738,0.0,0.0,24.5,-0.14,0.06,0.0,24,0.0,571.2,0.0,0,-0.034178,0.036131,-1.021444
2025-07-02 16:01:11.304,-4.54,4.07,0.0,2.71,-1.81,-17.738,0.0,0.12,24.5,0.28,0.06,0.0,24,0.0,571.2,0.0,0,-0.040037,0.041991,-0.998984
2025-07-02 16:01:11.355,-4.54,4.07,0.0,2.71,-1.81,-17.738,0.0,0.12,24.5,0.14,0.06,0.0,24,0.0,571.2,0.0,0,-0.027343,0.042967,-1.02535
2025-07-02 16:01:11.405,-4.54,4.07,0.0,2.71,-1.81,-17.738,0.0,0.0,24.5,-0.14,0.06,0.0,24,0.0,571.2,0.0,0,-0.013671,0.010742,-1.02828
2025-07-02 16:01:11.457,-4.54,4.07,0.0,2.71,-1.81,-17.738,0.0,0.12,24.5,0.14,0.06,0.0,24,0.0,571.2,0.0,10,-0.042967,0.038084,-1.026327
2025-07-02 16:01:11.509,-4.54,4.07,0.0,2.71,-1.81,-17.738,0.0,0.36,24.5,0.0,0.06,0.0,24,0.0,571.2,0.0,10,-0.040037,0.043944,-1.034139
2025-07-02 16:01:11.560,-4.54,4.07,0.0,2.71,-1.81,-17.738,0.0,0.36,24.5,0.14,0.06,0.0,24,0.0,571.2,0.0,0,-0.027343,0.035155,-1.032186
2025-07-02 16:01:11.611,-4.54,4.07,0.0,2.71,-1.81,-17.738,0.0,0.0,24.5,0.14,0.06,0.0,24,0.0,571.2,0.0,0,-0.023437,0.012695,-1.019491
2025-07-02 16:01:11.662,-4.54,4.07,0.0,2.71,-1.81,-17.738,0.0,0.12,24.5,0.0,0.06,0.0,24,0.0,571.2,0.0,0,-0.011718,0.029296,-1.035115
2025-07-02 16:01:11.713,-4.54,4.07,0.0,2.71,-1.81,-17.738,0.0,0.12,24.5,0.0,0.06,0.0,24,0.0,571.2,0.0,0,-0.046873,0.042967,-1.022421
2025-07-02 16:01:11.764,-4.54,4.07,0.0,2.71,-1.81,-17.738,0.0,0.0,24.5,0.0,0.06,0.0,24,0.0,571.2,0.0,0,-0.030272,0.014648,-1.039021
2025-07-02 16:01:11.815,-4.54,4.07,0.0,2.71,-1.81,-17.738,0.0,0.0,24.5,-0.28,0.06,0.0,24,0.0,571.2,0.0,0,-0.041991,-0.02246,-1.029256
2025-07-02 16:01:11.866,-4.54,4.07,0.0,2.71,-1.81,-17.738,0.0,0.0,24.5,0.0,0.06,0.0,24,0.0,571.2,0.0,0,-0.041991,-0.02246,-1.029256
2025-07-02 16:01:11.917,-4.54,4.07,0.0,2.71,-1.81,-17.738,0.0,0.0,24.5,-0.14,0.06,0.0,24,0.0,571.2,0.0,0,-0.018554,0.036131,-1.026327
2025-07-02 16:01:11.969,-4.54,4.07,0.0,2.71,-1.81,-17.738,0.0,0.0,24.5,-0.14,0.06,0.0,24,0.0,571.1,0.0,0,-0.058591,0.050779,-1.02828
2025-07-02 16:01:12.020,-4.54,4.07,0.0,2.71,-1.81,-17.738,0.0,0.0,24.5,0.0,0.06,0.0,24,0.0,571.1,0.0,0,-0.00293,0.042967,-0.997031
2025-07-02 16:01:12.071,-4.54,4.07,0.0,2.71,-1.81,-17.738,0.0,0.0,24.5,0.0,0.06,0.0,24,0.0,571.2,0.0,0,-0.038084,0.02539,-1.007773
2025-07-02 16:01:12.121,-4.54,4.07,0.0,2.71,-1.81,-17.738,0.0,0.12,24.6,0.28,0.06,0.0,24,0.0,571.2,0.0,0,-0.023437,0.027343,-1.00582
2025-07-02 16:01:12.172,-4.54,4.07,0.0,2.71,-1.81,-17.738,0.0,0.0,24.6,0.14,0.06,0.0,24,0.0,571.2,0.0,0,-0.020507,0.028319,-1.033162
2025-07-02 16:01:12.224,-4.54,4.07,0.0,2.71,-1.81,-17.738,0.0,0.12,24.5,0.14,0.06,0.0,24,0.0,571.2,0.0,0,-0.041014,0.009765,-0.993125
2025-07-02 16:01:12.275,-4.54,4.07,0.0,2.71,-1.81,-17.738,0.0,0.0,24.5,0.14,0.06,0.0,24,0.0,571.2,0.0,0,-0.027343,0.024413,-1.020468
2025-07-02 16:01:12.326,-4.54,4.07,0.0,2.71,-1.81,-17.738,0.0,0.12,24.5,-0.14,0.06,0.0,24,0.0,571.2,0.0,0,-0.01953,0.008789,-1.033162
2025-07-02 16:01:12.377,-4.54,4.07,0.0,2.71,-1.81,-17.738,0.0,0.0,24.5,0.0,0.06,0.0,24,0.0,571.2,0.0,0,-0.015624,0.010742,-1.027303
2025-07-02 16:01:12.428,-4.54,4.07,0.0,2.71,-1.81,-17.738,0.0,0.0,24.5,0.14,0.06,0.0,24,0.0,571.2,0.0,0,-0.026366,0.024413,-1.016561
2025-07-02 16:01:12.479,-4.54,4.07,0.0,2.71,-1.81,-17.738,0.0,0.0,24.5,0.14,0.06,0.0,24,0.0,571.2,0.0,0,-0.018554,0.024413,-1.008749
2025-07-02 16:01:12.530,-4.54,4.07,0.0,2.71,-1.81,-17.738,0.0,0.0,24.5,0.0,0.06,0.0,24,0.0,571.2,0.0,0,-0.023437,0.045897,-1.033162
2025-07-02 16:01:12.581,-4.54,4.07,0.0,2.71,-1.81,-17.738,0.0,0.0,24.5,0.0,0.06,0.0,24,0.0,571.2,0.0,0,-0.035155,0.039061,-1.02828
2025-07-02 16:01:12.632,-4.54,4.07,0.0,2.71,-1.81,-17.738,0.0,0.0,24.5,0.0,0.06,0.0,24,0.0,571.2,0.0,10,-0.057615,0.009765,-1.001914
2025-07-02 16:01:12.682,-4.54,4.07,0.0,2.71,-1.81,-17.738,0.0,0.12,24.4,0.0,0.06,0.0,24,0.0,571.2,0.0,10,-0.039061,0.028319,-1.010702
2025-07-02 16:01:12.733,-4.54,4.07,0.0,2.71,-1.81,-17.738,0.0,0.12,24.4,0.0,0.06,0.0,24,0.0,571.2,0.0,0,-0.032225,0.038084,-1.022421
2025-07-02 16:01:12.784,-4.54,4.07,0.0,2.71,-1.81,-17.738,0.0,0.12,24.4,0.0,0.06,0.0,24,0.0,571.2,0.0,0,-0.024413,0.057615,-1.014608
2025-07-02 16:01:12.836,-4.54,4.07,0.0,2.71,-1.81,-17.738,0.0,0.0,24.4,0.42,0.06,0.0,24,0.0,571.2,0.0,0,-0.031249,0.021484,-1.001914
2025-07-02 16:01:12.887,-4.54,4.07,0.0,2.71,-1.81,-17.738,0.0,0.0,24.4,0.0,0.06,0.0,24,0.0,571.2,0.0,0,0.001953,0.02539,-1.04781
2025-07-02 16:01:12.938,-4.54,4.07,0.0,2.71,-1.81,-17.738,0.0,0.0,24.5,0.14,0.06,0.0,24,0.0,571.2,0.0,0,-0.015624,0.068357,-0.999961
2025-07-02 16:01:12.989,-4.54,4.07,0.0,2.71,-1.81,-17.738,0.0,0.0,24.4,0.14,0.06,0.0,24,0.0,571.2,0.0,0,-0.026366,0.036131,-1.036092
2025-07-02 16:01:13.040,-4.54,4.07,0.0,2.71,-1.81,-17.738,0.0,0.0,24.4,0.0,0.06,0.0,24,0.0,571.2,0.0,10,-0.020507,0.046873,-1.015585
2025-07-02 16:01:13.090,-4.54,4.07,0.0,2.71,-1.81,-17.738,0.0,0.0,24.4,0.0,0.06,0.0,24,0.0,571.2,0.0,10,-0.017577,0.033202,-1.021444
2025-07-02 16:01:13.141,-4.54,4.07,0.0,2.71,-1.81,-17.738,0.0,0.0,24.4,0.14,0.06,0.0,24,0.0,571.2,0.0,0,-0.017577,0.033202,-1.021444
2025-07-02 16:01:13.191,-4.54,4.07,0.0,2.71,-1.81,-17.738,0.0,0.0,24.4,0.28,0.06,0.0,24,0.0,571.2,0.0,0,-0.023437,0.020507,-1.020468
2025-07-02 16:01:13.242,-4.54,4.07,0.0,2.71,-1.81,-17.738,0.0,0.0,24.4,0.28,0.06,0.0,24,0.0,571.2,0.0,0,-0.030272,0.023437,-1.036092
2025-07-02 16:01:13.293,-4.54,4.07,0.0,2.71,-1.81,-17.738,0.0,0.0,24.4,0.28,0.06,0.0,24,0.0,571.2,0.0,0,-0.014648,0.018554,-1.054646
2025-07-02 16:01:13.344,-4.54,4.07,0.0,2.71,-1.81,-17.738,0.0,0.0,24.4,0.14,0.06,0.0,24,0.0,571.2,0.0,0,-0.033202,0.033202,-1.006796
2025-07-02 16:01:13.395,-4.54,4.07,0.0,2.71,-1.81,-17.738,0.0,0.0,24.4,-0.14,0.06,0.0,24,0.0,571.2,0.0,0,-0.01953,0.012695,-1.016561
2025-07-02 16:01:13.446,-4.54,4.07,0.0,2.71,-1.81,-17.738,0.0,0.0,24.4,0.0,0.06,0.0,24,0.0,571.2,0.0,0,-0.041014,0.021484,-1.02535
2025-07-02 16:01:13.497,-4.54,4.07,0.0,2.71,-1.81,-17.738,0.0,0.0,24.4,0.0,0.06,0.0,24,0.0,571.2,0.0,0,-0.020507,0.003906,-1.035115
2025-07-02 16:01:13.547,-4.54,4.07,0.0,2.71,-1.81,-17.738,0.0,0.0,24.4,0.0,0.06,0.0,24,0.0,571.1,0.0,0,0.000977,0.023437,-1.02535
2025-07-02 16:01:13.598,-4.54,4.04,0.0,2.71,-1.84,-18.032,0.0,0.0,24.4,-0.14,0.06,0.0,24,0.0,571.1,0.0,0,-0.041014,0.038084,-1.00289
2025-07-02 16:01:13.649,-4.54,4.04,0.0,2.71,-1.84,-18.032,0.0,0.0,24.4,-0.14,0.06,0.0,24,0.0,571.2,0.0,0,-0.037108,0.054685,-1.046834
2025-07-02 16:01:13.700,-4.54,4.04,0.0,2.71,-1.84,-18.032,0.0,0.0,24.4,0.28,0.06,0.0,24,0.0,571.2,0.0,0,0.0,0.009765,-1.041951
2025-07-02 16:01:13.751,-4.54,4.04,0.0,2.71,-1.84,-18.032,0.0,0.0,24.4,-0.14,0.06,0.0,24,0.0,571.2,0.0,0,-0.016601,0.026366,-1.053669
2025-07-02 16:01:13.802,-4.54,4.04,0.0,2.71,-1.84,-18.032,0.0,0.0,24.4,0.28,0.06,0.0,24,0.0,571.2,0.0,0,-0.021484,0.051756,-1.014608
2025-07-02 16:01:13.852,-4.54,4.04,0.0,2.71,-1.84,-18.032,0.0,0.0,24.4,0.14,0.06,0.0,24,0.0,571.2,0.0,0,-0.035155,0.021484,-1.026327
2025-07-02 16:01:13.903,-4.54,4.04,0.0,2.71,-1.84,-18.032,0.0,0.0,24.4,-0.14,0.06,0.0,24,0.0,571.2,0.0,0,-0.040037,0.041014,-1.023397
2025-07-02 16:01:13.954,-4.54,4.04,0.0,2.71,-1.84,-18.032,0.0,0.0,24.4,-0.28,0.06,0.0,24,0.0,571.2,0.0,10,-0.029296,0.058591,-1.007773
2025-07-02 16:01:14.005,-4.54,4.04,0.0,2.71,-1.84,-18.032,0.0,0.24,24.4,-0.28,0.06,0.0,24,0.0,571.2,0.0,10,-0.031249,0.02539,-1.021444
2025-07-02 16:01:14.056,-4.54,4.04,0.0,2.71,-1.84,-18.032,0.0,0.0,24.4,0.0,0.06,0.0,24,0.0,571.2,0.0,0,-0.011718,0.026366,-1.037068
2025-07-02 16:01:14.107,-4.54,4.04,0.0,2.71,-1.84,-18.032,0.0,0.0,24.4,-0.14,0.06,0.0,24,0.0,571.2,0.0,0,-0.027343,0.033202,-1.040975
2025-07-02 16:01:14.158,-4.54,4.04,0.0,2.71,-1.84,-18.032,0.0,0.0,24.4,0.0,0.06,0.0,24,0.0,571.2,0.0,0,-0.015624,0.033202,-1.039021
2025-07-02 16:01:14.209,-4.54,4.04,0.0,2.71,-1.84,-18.032,0.0,0.0,24.4,0.0,0.06,0.0,24,0.0,571.2,0.0,0,-0.009765,0.034178,-1.019491
2025-07-02 16:01:14.259,-4.54,4.04,0.0,2.71,-1.84,-18.032,0.0,0.12,24.4,0.14,0.06,0.0,24,0.0,571.2,0.0,0,-0.048826,0.032225,-1.026327
2025-07-02 16:01:14.310,-4.54,4.04,0.0,2.71,-1.84,-18.032,0.0,0.0,24.4,0.14,0.06,0.0,24,0.0,571.2,0.0,0,-0.036131,0.040037,-1.02535
2025-07-02 16:01:14.361,-4.54,4.04,0.0,2.71,-1.84,-18.032,0.0,0.24,24.4,0.0,0.06,0.0,24,0.0,571.1,0.0,0,-0.02246,0.045897,-1.035115
2025-07-02 16:01:14.412,-4.54,4.04,0.0,2.71,-1.84,-18.032,0.0,0.24,24.4,-0.28,0.06,0.0,24,0.0,571.1,0.0,0,-0.034178,0.033202,-1.012655
2025-07-02 16:01:14.463,-4.54,4.04,0.0,2.71,-1.84,-18.032,0.0,0.0,24.4,0.14,0.06,0.0,24,0.0,571.1,0.0,0,-0.034178,0.033202,-1.012655
2025-07-02 16:01:14.514,-4.54,4.04,0.0,2.71,-1.84,-18.032,0.0,0.0,24.4,0.14,0.06,0.0,24,0.0,571.1,0.0,0,-0.013671,0.02246,-1.008749
2025-07-02 16:01:14.565,-4.54,4.04,0.0,2.71,-1.84,-18.032,0.0,0.0,24.4,0.14,0.06,0.0,24,0.0,571.2,0.0,0,-0.017577,0.029296,-1.016561
2025-07-02 16:01:14.615,-4.54,4.04,0.0,2.71,-1.84,-18.032,0.0,0.0,24.4,0.0,0.06,0.0,24,0.0,571.2,0.0,0,-0.028319,0.029296,-1.032186
2025-07-02 16:01:14.667,-4.54,4.04,0.0,2.71,-1.84,-18.032,0.0,0.0,24.4,0.0,0.06,0.0,24,0.0,571.2,0.0,10,-0.020507,0.031249,-1.038045
2025-07-02 16:01:14.718,-4.54,4.04,0.0,2.71,-1.84,-18.032,0.0,0.0,24.4,0.0,0.06,0.0,24,0.0,571.2,0.0,10,-0.031249,0.02246,-1.02535
2025-07-02 16:01:14.770,-4.54,4.04,0.0,2.71,-1.84,-18.032,0.0,0.0,24.4,0.28,0.06,0.0,24,0.0,571.2,0.0,0,-0.034178,0.036131,-1.008749
2025-07-02 16:01:14.821,-4.54,4.04,0.0,2.71,-1.84,-18.032,0.0,0.12,24.4,-0.14,0.06,0.0,24,0.0,571.2,0.0,0,-0.028319,0.01953,-1.018514
2025-07-02 16:01:14.872,-4.54,4.04,0.0,2.71,-1.84,-18.032,0.0,0.12,24.4,-0.14,0.06,0.0,24,0.0,571.2,0.0,0,-0.038084,0.04492,-1.02828
2025-07-02 16:01:14.923,-4.54,4.04,0.0,2.71,-1.84,-18.032,0.0,0.0,24.4,-0.14,0.06,0.0,24,0.0,571.2,0.0,0,-0.021484,0.027343,-1.026327
2025-07-02 16:01:14.974,-4.54,4.04,0.0,2.71,-1.84,-18.032,0.0,0.0,24.4,0.14,0.06,0.0,24,0.0,571.2,0.0,0,-0.036131,0.046873,-1.036092
2025-07-02 16:01:15.025,-4.54,4.04,0.0,2.71,-1.84,-18.032,0.0,0.12,24.4,0.14,0.06,0.0,24,0.0,571.2,0.0,0,-0.027343,0.031249,-1.045857
2025-07-02 16:01:15.081,-4.54,4.04,0.0,2.71,-1.84,-18.032,0.0,0.12,24.4,-0.14,0.06,0.0,24,0.0,571.1,0.0,0,-0.026366,0.013671,-1.046834
2025-07-02 16:01:15.131,-4.54,4.04,0.0,2.71,-1.84,-18.032,0.0,0.12,24.4,0.14,0.06,0.0,24,0.0,571.1,0.0,0,-0.035155,0.018554,-1.031209
2025-07-02 16:01:15.182,-4.54,4.04,0.0,2.71,-1.84,-18.032,0.0,0.0,24.4,0.28,0.06,0.0,24,0.0,571.2,0.0,0,-0.013671,0.036131,-1.019491
2025-07-02 16:01:15.233,-4.54,4.04,0.0,2.71,-1.84,-18.032,0.0,0.0,24.4,0.0,0.06,0.0,24,0.0,571.2,0.0,0,-0.029296,0.01953,-1.021444
2025-07-02 16:01:15.284,-4.54,4.04,0.0,2.71,-1.84,-18.032,0.0,0.0,24.4,0.14,0.06,0.0,24,0.0,571.2,0.0,0,-0.035155,0.040037,-1.029256
2025-07-02 16:01:15.335,-4.54,4.04,0.0,2.71,-1.84,-18.032,0.0,0.0,24.4,0.0,0.06,0.0,24,0.0,571.2,0.0,0,-0.041014,0.032225,-1.020468
2025-07-02 16:01:15.389,-4.54,4.04,0.0,2.71,-1.84,-18.032,0.0,0.12,24.4,0.0,0.06,0.0,24,0.0,571.2,0.0,0,-0.013671,0.024413,-1.014608
2025-07-02 16:01:15.440,-4.54,4.04,0.0,2.71,-1.84,-18.032,0.0,0.0,24.4,0.0,0.06,0.0,24,0.0,571.2,0.0,0,-0.023437,0.029296,-1.036092
2025-07-02 16:01:15.491,-4.54,4.04,0.0,2.71,-1.84,-18.032,0.0,0.0,24.4,0.0,0.06,0.0,24,0.0,571.2,0.0,0,-0.030272,-0.003906,-1.039998
2025-07-02 16:01:15.545,-4.54,4.04,0.0,2.71,-1.84,-18.032,0.0,0.0,24.5,0.14,0.06,0.0,24,0.0,571.2,0.0,0,0.005859,0.031249,-1.013632
2025-07-02 16:01:15.597,-4.54,4.04,0.0,2.71,-1.84,-18.032,0.0,0.0,24.5,0.14,0.06,0.0,24,0.0,571.2,0.0,0,-0.012695,0.026366,-1.008749
2025-07-02 16:01:15.648,-4.54,4.04,0.0,2.71,-1.84,-18.032,0.0,0.0,24.5,0.0,0.06,0.0,24,0.0,571.2,0.0,0,-0.017577,0.023437,-1.008749
2025-07-02 16:01:15.699,-4.54,4.04,0.0,2.71,-1.84,-18.032,0.0,0.0,24.5,0.14,0.06,0.0,24,0.0,571.2,0.0,0,-0.04785,0.028319,-1.030233
2025-07-02 16:01:15.750,-4.54,4.04,0.0,2.71,-1.84,-18.032,0.0,0.0,24.5,0.14,0.06,0.0,24,0.0,571.2,0.0,10,-0.016601,0.037108,-1.013632
2025-07-02 16:01:15.801,-4.54,4.04,0.0,2.71,-1.84,-18.032,0.0,0.0,24.5,0.0,0.06,0.0,24,0.0,571.2,0.0,10,-0.021484,0.023437,-1.024374
2025-07-02 16:01:15.852,-4.54,4.04,0.0,2.71,-1.84,-18.032,0.0,0.0,24.5,0.0,0.06,0.0,24,0.0,571.2,0.0,0,-0.051756,0.026366,-1.027303
2025-07-02 16:01:15.902,-4.54,4.04,0.0,2.71,-1.84,-18.032,0.0,0.0,24.5,0.28,0.06,0.0,24,0.0,571.2,0.0,0,-0.020507,0.02539,-1.003867
2025-07-02 16:01:15.957,-4.54,4.04,0.0,2.71,-1.84,-18.032,0.0,0.12,24.5,0.0,0.06,0.0,24,0.0,571.2,0.0,0,-0.030272,0.038084,-1.041951
2025-07-02 16:01:16.008,-4.54,4.04,0.0,2.71,-1.84,-18.032,0.0,0.0,24.5,0.0,0.06,0.0,24,0.0,571.2,0.0,0,-0.053709,0.02539,-1.037068
2025-07-02 16:01:16.059,-4.54,4.04,0.0,2.71,-1.84,-18.032,0.0,0.0,24.5,0.0,0.06,0.0,24,0.0,571.2,0.0,0,-0.031249,0.017577,-1.008749
2025-07-02 16:01:16.110,-4.54,4.04,0.0,2.71,-1.84,-18.032,0.0,0.0,24.5,0.0,0.06,0.0,24,0.0,571.2,0.0,0,-0.037108,0.011718,-1.026327
2025-07-02 16:01:16.160,-4.54,4.04,0.0,2.71,-1.84,-18.032,0.0,0.0,24.5,0.0,0.06,0.0,24,0.0,571.1,0.0,0,-0.032225,0.017577,-1.02828
2025-07-02 16:01:16.211,-4.54,4.04,0.0,2.71,-1.84,-18.032,0.0,0.0,24.4,0.0,0.06,0.0,24,0.0,571.1,0.0,0,-0.018554,0.055662,-1.029256
2025-07-02 16:01:16.262,-4.54,4.04,0.0,2.71,-1.84,-18.032,0.0,0.0,24.4,0.28,0.06,0.0,24,0.0,571.1,0.0,0,-0.018554,0.055662,-1.029256
2025-07-02 16:01:16.313,-4.54,4.04,0.0,2.71,-1.84,-18.032,0.0,0.0,24.4,0.0,0.06,0.0,24,0.0,571.1,0.0,0,-0.04492,0.036131,-1.013632
2025-07-02 16:01:16.364,-4.54,4.04,0.0,2.71,-1.84,-18.032,0.0,0.0,24.4,-0.14,0.06,0.0,24,0.0,571.2,0.0,0,-0.015624,0.040037,-1.014608
